起始时刻,结束时刻,记录数,原始开始索引,原始结束索引,总秒数,怠速秒数,加速秒数,匀速秒数,减速秒数
2017-12-18 13:42:13,2017-12-18 13:43:21,69,0,68,69,8,26,16,19
2017-12-18 13:43:21,2017-12-18 13:49:30,370,68,437,370,97,111,76,86
2017-12-18 13:49:30,2017-12-18 13:51:29,120,437,556,120,24,48,13,35
2017-12-18 13:51:29,2017-12-18 13:55:07,219,556,774,219,73,61,44,41
2017-12-18 13:55:07,2017-12-18 13:57:57,171,774,944,171,34,51,50,36
2017-12-18 13:57:57,2017-12-18 14:01:37,221,944,1164,221,40,92,35,54
2017-12-18 14:01:37,2017-12-18 14:10:00,435,1164,1598,435,53,186,92,104
2017-12-18 14:10:00,2017-12-18 14:15:34,290,1598,1887,290,39,130,41,80
2017-12-18 14:15:34,2017-12-18 14:18:51,196,1887,2082,196,46,80,26,44
2017-12-18 14:19:09,2017-12-18 14:20:53,105,2100,2204,105,35,35,10,25
2017-12-18 14:20:53,2017-12-18 14:23:30,158,2204,2361,158,48,53,16,41
2017-12-18 14:23:30,2017-12-18 14:24:36,67,2361,2427,67,4,31,9,23
2017-12-18 14:24:36,2017-12-18 14:28:05,208,2427,2634,208,39,79,29,61
2017-12-18 14:28:05,2017-12-18 14:29:16,72,2634,2705,72,13,23,11,25
2017-12-18 14:29:16,2017-12-18 14:29:37,22,2705,2726,22,7,8,1,6
2017-12-18 14:29:37,2017-12-18 14:31:21,105,2726,2830,105,25,32,15,33
2017-12-18 14:31:21,2017-12-18 14:32:00,40,2830,2869,40,27,2,6,5
2017-12-18 14:32:37,2017-12-18 14:33:17,41,2906,2946,41,11,11,8,11
2017-12-18 14:33:21,2017-12-18 14:34:13,53,2950,3002,53,5,19,15,14
2017-12-18 14:34:56,2017-12-18 14:35:55,60,3045,3104,60,3,24,13,20
2017-12-18 14:35:55,2017-12-18 14:37:22,88,3104,3191,88,10,25,17,36
2017-12-18 14:38:11,2017-12-18 14:41:54,224,3240,3463,224,11,90,41,82
2017-12-18 14:41:54,2017-12-18 14:43:32,99,3463,3561,99,33,28,17,21
2017-12-18 14:43:32,2017-12-18 14:45:19,108,3561,3668,108,44,30,15,19
2017-12-18 14:45:19,2017-12-18 14:47:00,102,3668,3769,102,43,29,13,17
2017-12-18 14:47:00,2017-12-18 14:47:49,50,3769,3818,50,26,9,3,12
2017-12-18 14:47:49,2017-12-18 14:50:52,184,3818,4001,184,77,49,25,33
2017-12-18 14:51:03,2017-12-18 14:52:55,113,4012,4124,113,15,45,18,35
2017-12-18 15:00:26,2017-12-18 15:02:10,105,4268,4372,105,25,39,16,25
2017-12-18 15:02:10,2017-12-18 15:05:50,221,4372,4592,221,9,93,42,77
2017-12-18 15:05:50,2017-12-18 15:07:33,104,4592,4695,104,40,26,16,22
2017-12-18 15:07:33,2017-12-18 15:08:10,38,4695,4732,38,17,6,7,8
2017-12-18 15:08:10,2017-12-18 15:09:20,71,4732,4802,71,20,24,9,18
2017-12-18 15:09:20,2017-12-18 15:10:00,41,4802,4842,41,30,3,1,7
2017-12-18 15:10:00,2017-12-18 15:10:35,36,4842,4877,36,7,12,8,9
2017-12-18 15:10:35,2017-12-18 15:11:32,58,4877,4934,58,6,18,15,19
2017-12-18 15:11:32,2017-12-18 15:12:02,31,4934,4964,31,13,6,3,9
2017-12-18 15:12:02,2017-12-18 15:12:27,26,4964,4989,26,13,7,3,3
2017-12-18 15:12:27,2017-12-18 15:13:00,34,4989,5022,34,11,13,4,6
2017-12-18 15:39:01,2017-12-18 15:40:47,107,5048,5154,107,50,24,10,23
2017-12-18 15:40:47,2017-12-18 15:43:43,175,5154,5328,175,44,57,30,44
2017-12-18 15:43:43,2017-12-18 15:45:02,78,5328,5405,78,22,19,26,11
2017-12-18 15:45:02,2017-12-18 15:48:16,68,5405,5472,68,6,27,14,21
2017-12-18 15:48:22,2017-12-18 15:50:07,106,5478,5583,106,2,51,16,37
2017-12-18 15:50:07,2017-12-18 15:52:42,154,5583,5736,154,50,43,30,31
2017-12-18 16:15:51,2017-12-18 16:17:14,84,5856,5939,84,47,18,3,16
2017-12-18 16:17:14,2017-12-18 16:18:13,60,5939,5998,60,26,15,7,12
2017-12-18 16:18:13,2017-12-18 16:18:46,34,5998,6031,34,22,4,3,5
2017-12-18 16:18:46,2017-12-18 16:20:14,89,6031,6119,89,35,23,15,16
2017-12-18 16:20:14,2017-12-18 16:20:59,46,6119,6164,46,6,17,4,19
2017-12-18 16:20:59,2017-12-18 16:22:51,113,6164,6276,113,89,14,4,6
2017-12-18 16:22:51,2017-12-18 16:24:17,87,6276,6362,87,5,42,20,20
2017-12-18 16:24:17,2017-12-18 16:28:28,191,6362,6552,191,96,53,13,29
2017-12-18 16:28:28,2017-12-18 16:30:21,114,6552,6665,114,21,44,25,24
2017-12-18 16:30:21,2017-12-18 16:31:08,48,6665,6712,48,3,28,4,13
2017-12-18 16:31:08,2017-12-18 16:31:59,52,6712,6763,52,7,20,8,17
2017-12-18 16:42:09,2017-12-18 16:42:53,45,6803,6847,45,3,11,17,14
2017-12-18 17:23:20,2017-12-18 17:27:59,107,7058,7164,107,3,33,29,42
2017-12-18 17:27:59,2017-12-18 17:30:41,163,7164,7326,163,32,65,30,36
2017-12-18 17:30:41,2017-12-18 17:31:59,79,7326,7404,79,12,32,17,18
2017-12-18 17:44:03,2017-12-18 17:44:44,42,7438,7479,42,33,2,3,4
2017-12-18 17:45:00,2017-12-18 17:45:21,22,7495,7516,22,5,5,9,3
2017-12-18 17:45:29,2017-12-18 17:46:10,42,7524,7565,42,24,8,2,8
2017-12-18 17:46:10,2017-12-18 17:48:30,141,7565,7705,141,4,63,26,48
2017-12-18 17:48:30,2017-12-18 17:50:06,44,7705,7748,44,7,27,3,7
2017-12-18 17:50:06,2017-12-18 17:51:53,108,7748,7855,108,17,38,22,31
2017-12-18 17:52:05,2017-12-18 17:54:25,141,7867,8007,141,60,42,14,25
2017-12-18 17:54:25,2017-12-18 18:00:45,381,8007,8387,381,7,150,133,91
2017-12-18 18:00:45,2017-12-18 18:09:55,546,8387,8932,546,18,175,181,172
2017-12-18 18:09:55,2017-12-18 18:10:32,38,8932,8969,38,16,13,4,5
2017-12-18 18:10:32,2017-12-18 18:13:32,181,8969,9149,181,55,56,26,44
2017-12-18 18:13:32,2017-12-18 18:14:43,72,9149,9220,72,51,9,7,5
2017-12-18 18:14:43,2017-12-18 18:16:56,134,9220,9353,134,88,19,12,15
2017-12-18 18:16:59,2017-12-18 18:17:22,24,9356,9379,24,9,7,4,4
2017-12-18 20:06:13,2017-12-18 20:06:45,33,10038,10070,33,18,5,4,6
2017-12-18 20:06:45,2017-12-18 20:13:48,424,10070,10493,424,3,142,145,134
2017-12-18 20:13:48,2017-12-18 20:17:30,223,10493,10715,223,26,67,66,64
2017-12-18 20:17:30,2017-12-18 20:20:11,162,10715,10876,162,61,46,24,31
2017-12-18 21:08:17,2017-12-18 21:12:06,230,11005,11234,230,4,79,83,64
2017-12-18 21:30:38,2017-12-18 21:34:22,223,12015,12237,223,3,83,54,83
2017-12-18 21:34:22,2017-12-18 21:34:45,24,12237,12260,24,18,3,0,3
2017-12-18 21:34:45,2017-12-18 21:35:07,23,12260,12282,23,5,11,1,6
2017-12-18 21:35:07,2017-12-18 21:37:00,114,12282,12395,114,15,40,26,33
2017-12-18 21:37:00,2017-12-18 21:46:39,517,12395,12911,517,9,208,122,178
2017-12-18 21:46:39,2017-12-18 21:53:59,397,12911,13307,397,30,161,114,92
2017-12-18 21:53:59,2017-12-18 21:56:24,146,13307,13452,146,3,66,28,49
2017-12-18 21:56:32,2017-12-18 22:06:45,376,13460,13835,376,13,111,157,95
2017-12-18 22:06:45,2017-12-18 22:08:39,115,13835,13949,115,11,50,20,34
2017-12-18 22:08:39,2017-12-18 22:10:54,136,13949,14084,136,3,53,33,47
2017-12-18 22:10:54,2017-12-18 22:13:00,127,14084,14210,127,67,31,15,14
2017-12-18 22:13:00,2017-12-18 22:22:42,492,14210,14701,492,30,195,109,158
2017-12-18 22:22:42,2017-12-18 22:24:54,133,14701,14833,133,8,53,27,45
2017-12-18 22:24:54,2017-12-18 22:25:14,21,14833,14853,21,13,3,1,4
2017-12-18 22:25:14,2017-12-18 22:26:53,100,14853,14952,100,26,33,11,30
2017-12-18 22:34:35,2017-12-18 22:35:49,75,15074,15148,75,48,13,4,10
2017-12-18 22:35:49,2017-12-18 22:36:34,46,15148,15193,46,31,6,1,8
2017-12-18 22:36:34,2017-12-18 22:38:57,144,15193,15336,144,46,35,33,30
2017-12-18 22:38:57,2017-12-18 22:40:33,97,15336,15432,97,21,37,25,14
2017-12-18 22:40:33,2017-12-18 22:50:09,577,15432,16008,577,47,181,211,138
2017-12-18 22:50:54,2017-12-18 22:52:44,111,16053,16163,111,10,55,19,27
2017-12-18 22:52:44,2017-12-18 22:58:26,343,16163,16505,343,7,106,141,89
2017-12-18 22:58:26,2017-12-18 23:02:59,230,16505,16734,230,6,70,74,80
2017-12-18 23:02:59,2017-12-18 23:03:21,23,16734,16756,23,17,3,0,3
2017-12-18 23:35:52,2017-12-18 23:36:49,58,16824,16881,58,13,11,17,17
2017-12-18 23:36:49,2017-12-18 23:38:26,98,16881,16978,98,13,34,16,35
2017-12-18 23:38:26,2017-12-18 23:42:11,226,16978,17203,226,57,72,51,46
2017-12-19 00:03:32,2017-12-19 00:25:04,1021,18157,19177,1021,27,345,349,300
2017-12-19 00:25:36,2017-12-19 00:26:20,45,19209,19253,45,23,8,5,9
2017-12-19 00:26:20,2017-12-19 00:27:38,79,19253,19331,79,15,21,13,30
2017-12-19 00:40:00,2017-12-19 00:41:17,78,19536,19613,78,8,45,5,20
2017-12-19 00:41:17,2017-12-19 00:43:47,151,19613,19763,151,87,27,8,29
2017-12-19 00:43:47,2017-12-19 00:44:59,73,19763,19835,73,23,24,1,25
2017-12-19 00:44:59,2017-12-19 00:47:22,112,19835,19946,112,36,43,7,26
2017-12-19 00:47:22,2017-12-19 00:48:57,96,19946,20041,96,27,34,7,28
2017-12-19 00:49:17,2017-12-19 00:50:12,56,20061,20116,56,40,3,6,7
2017-12-19 00:50:12,2017-12-19 00:51:44,93,20116,20208,93,16,32,20,25
2017-12-19 00:52:16,2017-12-19 00:53:22,67,20240,20306,67,8,23,17,19
2017-12-19 00:53:32,2017-12-19 00:55:50,139,20316,20454,139,3,53,45,38
2017-12-19 00:56:39,2017-12-19 00:59:40,182,20503,20684,182,31,63,36,52
2017-12-19 00:59:40,2017-12-19 01:04:13,274,20684,20957,274,133,56,31,54
2017-12-19 01:04:19,2017-12-19 01:04:51,33,20963,20995,33,23,2,3,5
2017-12-19 01:04:51,2017-12-19 01:05:21,31,20995,21025,31,4,10,7,10
2017-12-19 01:05:21,2017-12-19 01:07:43,143,21025,21167,143,99,19,10,15
2017-12-19 01:13:07,2017-12-19 01:14:37,91,21192,21282,91,4,43,21,23
2017-12-19 01:14:37,2017-12-19 01:16:57,141,21282,21422,141,66,38,10,27
2017-12-19 01:16:57,2017-12-19 01:18:17,81,21422,21502,81,27,31,7,16
2017-12-19 01:18:17,2017-12-19 01:21:01,165,21502,21666,165,82,45,13,25
2017-12-19 01:21:01,2017-12-19 01:30:01,403,21666,22068,403,41,141,126,95
2017-12-19 01:30:01,2017-12-19 01:30:53,53,22068,22120,53,11,22,3,17
2017-12-19 01:30:53,2017-12-19 01:32:57,125,22120,22244,125,42,44,15,24
2017-12-19 01:45:04,2017-12-19 01:47:08,125,22428,22552,125,73,35,5,12
2017-12-19 01:47:08,2017-12-19 01:49:45,114,22552,22665,114,4,55,19,36
2017-12-19 01:49:45,2017-12-19 01:50:33,49,22665,22713,49,16,20,5,8
2017-12-19 01:50:33,2017-12-19 01:52:09,97,22713,22809,97,65,16,6,10
2017-12-19 02:04:23,2017-12-19 02:05:16,54,23016,23069,54,13,26,5,10
2017-12-19 02:05:16,2017-12-19 02:14:15,540,23069,23608,540,30,256,100,154
2017-12-19 02:14:18,2017-12-19 02:14:44,27,23611,23637,27,19,3,1,4
2017-12-19 02:14:53,2017-12-19 02:16:47,115,23646,23760,115,3,49,32,31
2017-12-19 02:53:00,2017-12-19 02:54:06,67,23781,23847,67,4,34,12,17
2017-12-19 02:54:06,2017-12-19 02:56:27,142,23847,23988,142,69,43,8,22
2017-12-19 02:56:27,2017-12-19 02:57:44,78,23988,24065,78,39,20,11,8
2017-12-19 02:57:44,2017-12-19 02:59:59,136,24065,24200,136,93,15,9,19
2017-12-19 03:03:08,2017-12-19 03:04:00,53,24389,24441,53,3,27,10,13
2017-12-19 03:04:00,2017-12-19 03:07:38,131,24441,24571,131,34,44,33,20
2017-12-19 03:07:38,2017-12-19 03:09:13,94,24571,24664,94,11,35,15,33
2017-12-19 03:09:13,2017-12-19 03:10:27,75,24664,24738,75,45,14,5,11
2017-12-19 03:10:27,2017-12-19 03:11:53,30,24738,24767,30,7,5,7,11
2017-12-19 03:11:53,2017-12-19 03:14:51,179,24767,24945,179,103,26,21,29
2017-12-19 03:59:27,2017-12-19 04:02:57,211,24960,25170,211,113,38,27,33
2017-12-19 04:02:57,2017-12-19 04:03:50,54,25170,25223,54,3,24,12,15
2017-12-19 04:03:50,2017-12-19 04:05:19,90,25223,25312,90,59,11,9,11
2017-12-19 04:05:19,2017-12-19 04:06:09,51,25312,25362,51,32,5,9,5
2017-12-19 04:06:09,2017-12-19 04:06:53,45,25362,25406,45,13,15,5,12
2017-12-19 04:06:53,2017-12-19 04:15:49,499,25406,25904,499,34,189,121,155
2017-12-19 04:15:49,2017-12-19 04:17:30,102,25904,26005,102,51,26,11,14
2017-12-19 04:17:30,2017-12-19 04:19:16,59,26005,26063,59,13,24,10,12
2017-12-19 04:26:28,2017-12-19 04:35:45,375,26193,26567,375,61,95,123,96
2017-12-19 04:36:17,2017-12-19 04:45:34,421,26599,27019,421,8,163,127,123
2017-12-19 06:45:11,2017-12-19 06:51:42,221,27116,27336,221,38,70,56,57
2017-12-19 06:51:42,2017-12-19 06:59:34,427,27336,27762,427,26,153,123,125
2017-12-19 06:59:34,2017-12-19 07:02:57,156,27762,27917,156,49,56,26,25
2017-12-19 07:02:57,2017-12-19 07:04:10,74,27917,27990,74,4,32,8,30
2017-12-19 07:04:10,2017-12-19 07:23:57,893,27990,28882,893,107,286,267,233
2017-12-19 07:23:57,2017-12-19 07:24:27,31,28882,28912,31,3,1,25,2
2017-12-19 07:24:27,2017-12-19 07:25:04,38,28912,28949,38,19,11,0,8
2017-12-19 07:25:11,2017-12-19 07:26:08,58,28956,29013,58,15,14,10,19
2017-12-19 07:26:08,2017-12-19 07:28:09,122,29013,29134,122,82,14,13,13
2017-12-19 07:28:24,2017-12-19 07:29:12,49,29149,29197,49,7,17,17,8
2017-12-19 07:29:12,2017-12-19 07:29:45,34,29197,29230,34,14,9,2,9
2017-12-19 07:29:45,2017-12-19 07:30:10,26,29230,29255,26,10,5,5,6
2017-12-19 07:30:10,2017-12-19 07:30:47,38,29255,29292,38,11,11,9,7
2017-12-19 07:30:47,2017-12-19 07:32:39,113,29292,29404,113,3,48,27,35
2017-12-19 07:32:39,2017-12-19 07:35:16,158,29404,29561,158,75,37,14,32
2017-12-19 07:36:25,2017-12-19 07:37:26,62,29630,29691,62,7,22,11,22
2017-12-19 07:37:26,2017-12-19 07:37:57,32,29691,29722,32,14,10,2,6
2017-12-19 07:37:57,2017-12-19 07:39:56,120,29722,29841,120,52,30,14,24
2017-12-19 07:39:56,2017-12-19 07:42:32,157,29841,29997,157,56,47,21,33
2017-12-19 07:42:32,2017-12-19 07:44:00,89,29997,30085,89,33,19,20,17
2017-12-19 07:44:00,2017-12-19 07:46:12,133,30085,30217,133,2,54,31,46
2017-12-19 07:46:12,2017-12-19 07:48:10,119,30217,30335,119,64,20,15,20
2017-12-19 07:48:10,2017-12-19 07:50:27,72,30335,30406,72,30,22,9,11
2017-12-19 07:50:27,2017-12-19 07:55:14,243,30406,30648,243,178,29,18,18
2017-12-19 07:55:14,2017-12-19 07:57:31,138,30648,30785,138,95,23,6,14
2017-12-19 07:57:31,2017-12-19 07:59:34,124,30785,30908,124,38,39,18,29
2017-12-19 07:59:34,2017-12-19 08:01:00,87,30908,30994,87,56,10,9,12
2017-12-19 08:01:00,2017-12-19 08:02:46,65,30994,31058,65,34,16,8,7
2017-12-19 08:02:46,2017-12-19 08:03:23,38,31058,31095,38,13,9,8,8
2017-12-19 08:03:30,2017-12-19 08:04:17,48,31102,31149,48,26,8,5,9
2017-12-19 08:04:17,2017-12-19 08:06:31,135,31149,31283,135,75,26,17,17
2017-12-19 08:06:31,2017-12-19 08:07:30,60,31283,31342,60,13,22,8,17
2017-12-19 08:07:30,2017-12-19 08:08:07,38,31342,31379,38,19,12,1,6
2017-12-19 08:08:07,2017-12-19 08:10:33,63,31379,31441,63,38,4,7,14
2017-12-19 08:10:33,2017-12-19 08:12:29,117,31441,31557,117,27,34,16,40
2017-12-19 08:12:29,2017-12-19 08:15:15,167,31557,31723,167,109,24,10,24
2017-12-19 08:15:15,2017-12-19 08:17:27,90,31723,31812,90,44,27,9,10
2017-12-19 08:17:27,2017-12-19 08:23:24,358,31812,32169,358,113,91,81,73
2017-12-19 08:24:47,2017-12-19 08:30:58,200,32252,32451,200,71,59,23,47
2017-12-19 10:59:30,2017-12-19 11:00:35,66,32770,32835,66,2,19,24,21
2017-12-19 11:00:55,2017-12-19 11:01:18,24,32855,32878,24,2,9,4,9
2017-12-19 11:01:18,2017-12-19 11:09:24,221,32878,33098,221,94,46,33,48
2017-12-19 11:09:24,2017-12-19 11:09:58,35,33098,33132,35,18,8,4,5
2017-12-19 11:09:58,2017-12-19 11:11:52,115,33132,33246,115,70,20,13,12
2017-12-19 11:11:52,2017-12-19 11:22:54,462,33246,33707,462,2,177,182,101
2017-12-19 11:22:54,2017-12-19 11:23:56,63,33707,33769,63,28,15,9,11
2017-12-19 11:24:11,2017-12-19 11:27:45,154,33784,33937,154,114,16,4,20
2017-12-19 11:27:45,2017-12-19 11:29:22,98,33937,34034,98,63,13,4,18
2017-12-19 11:31:15,2017-12-19 11:31:37,23,34147,34169,23,18,1,3,1
2017-12-19 11:31:37,2017-12-19 11:37:51,338,34169,34506,338,11,120,86,121
2017-12-19 11:37:51,2017-12-19 11:41:34,91,34506,34596,91,2,33,21,35
2017-12-19 11:41:34,2017-12-19 11:41:55,22,34596,34617,22,12,2,3,5
2017-12-19 11:42:33,2017-12-19 11:43:48,76,34655,34730,76,11,38,7,20
2017-12-19 11:43:48,2017-12-19 11:46:51,184,34730,34913,184,58,62,22,42
2017-12-19 11:46:51,2017-12-19 11:53:30,259,34913,35171,259,73,90,38,58
2017-12-19 11:53:30,2017-12-19 12:00:28,419,35171,35589,419,52,154,96,117
2017-12-19 12:00:28,2017-12-19 12:01:08,41,35589,35629,41,8,13,8,12
2017-12-19 12:01:08,2017-12-19 12:02:04,57,35629,35685,57,32,3,12,10
2017-12-19 12:03:23,2017-12-19 12:04:28,66,35704,35769,66,45,6,6,9
2017-12-19 12:04:28,2017-12-19 12:05:05,38,35769,35806,38,11,12,7,8
2017-12-19 12:05:05,2017-12-19 12:05:26,22,35806,35827,22,17,2,1,2
2017-12-19 12:05:26,2017-12-19 12:05:56,31,35827,35857,31,20,7,0,4
2017-12-19 12:05:56,2017-12-19 12:06:30,35,35857,35891,35,10,13,4,8
2017-12-19 12:06:30,2017-12-19 12:07:05,36,35891,35926,36,8,14,3,11
2017-12-19 12:07:05,2017-12-19 12:07:29,25,35926,35950,25,13,6,3,3
2017-12-19 12:07:29,2017-12-19 12:08:41,73,35950,36022,73,18,18,16,21
2017-12-19 12:08:56,2017-12-19 12:10:30,95,36037,36131,95,46,20,9,20
2017-12-19 12:10:30,2017-12-19 12:10:58,29,36131,36159,29,13,6,3,7
2017-12-19 12:10:58,2017-12-19 12:11:45,48,36159,36206,48,16,12,10,10
2017-12-19 12:12:04,2017-12-19 12:12:58,55,36225,36279,55,22,16,4,13
2017-12-19 12:13:11,2017-12-19 12:14:13,63,36292,36354,63,25,16,1,21
2017-12-19 12:14:17,2017-12-19 12:14:37,21,36358,36378,21,16,2,1,2
2017-12-19 12:14:37,2017-12-19 12:29:09,656,36378,37033,656,11,307,129,209
2017-12-19 12:29:09,2017-12-19 12:32:12,184,37033,37216,184,10,91,28,55
2017-12-19 12:32:12,2017-12-19 12:36:36,265,37216,37480,265,58,90,43,74
2017-12-19 12:36:36,2017-12-19 12:38:28,110,37480,37589,110,60,18,9,23
2017-12-19 12:38:28,2017-12-19 12:40:41,80,37589,37668,80,26,18,6,30
2017-12-19 12:40:47,2017-12-19 12:42:04,78,37674,37751,78,24,27,9,18
2017-12-19 12:50:20,2017-12-19 12:52:55,156,37780,37935,156,70,31,22,33
2017-12-19 13:35:01,2017-12-19 13:35:54,54,38081,38134,54,6,23,6,19
2017-12-19 13:35:54,2017-12-19 13:37:43,108,38134,38241,108,6,40,24,38
2017-12-19 13:37:43,2017-12-19 13:39:56,129,38241,38369,129,12,47,24,46
2017-12-19 13:39:56,2017-12-19 13:46:19,128,38369,38496,128,42,29,15,42
2017-12-19 13:46:19,2017-12-19 13:48:33,135,38496,38630,135,26,49,15,45
2017-12-19 13:56:14,2017-12-19 13:58:15,122,38652,38773,122,1,47,27,47
2017-12-19 13:58:15,2017-12-19 14:00:11,117,38773,38889,117,21,42,21,33
2017-12-19 14:00:11,2017-12-19 14:01:54,104,38889,38992,104,8,47,11,38
2017-12-19 14:01:54,2017-12-19 14:05:26,68,38992,39059,68,3,20,18,27
2017-12-19 14:05:26,2017-12-19 14:08:47,202,39059,39260,202,88,51,34,29
2017-12-19 14:08:47,2017-12-19 14:11:03,90,39260,39349,90,36,32,11,11
2017-12-19 15:05:18,2017-12-19 15:09:57,112,41272,41383,112,40,24,25,23
2017-12-19 15:09:57,2017-12-19 15:12:28,152,41383,41534,152,33,70,14,35
2017-12-19 16:35:46,2017-12-19 16:36:22,37,42898,42934,37,29,2,2,4
2017-12-19 16:36:22,2017-12-19 16:37:51,90,42934,43023,90,34,34,6,16
2017-12-19 16:37:51,2017-12-19 16:39:42,112,43023,43134,112,9,40,16,47
2017-12-19 16:39:46,2017-12-19 16:40:32,47,43138,43184,47,12,18,6,11
2017-12-19 17:24:02,2017-12-19 17:24:31,30,44094,44123,30,21,2,3,4
2017-12-19 17:24:31,2017-12-19 17:31:48,387,44123,44509,387,20,176,98,93
2017-12-19 17:31:48,2017-12-19 17:32:12,25,44509,44533,25,4,6,5,10
2017-12-19 17:32:12,2017-12-19 17:32:34,23,44533,44555,23,10,6,1,6
2017-12-19 18:12:02,2017-12-19 18:24:23,522,46165,46686,522,7,197,181,137
2017-12-19 18:24:23,2017-12-19 18:27:20,136,46686,46821,136,30,45,36,25
2017-12-19 18:38:00,2017-12-19 18:44:30,202,47161,47362,202,20,64,71,47
2017-12-19 18:44:36,2017-12-19 18:50:04,275,47368,47642,275,2,118,68,87
2017-12-19 18:50:04,2017-12-19 18:50:32,29,47642,47670,29,8,8,5,8
2017-12-19 18:50:32,2017-12-19 18:52:17,106,47670,47775,106,9,49,18,30
2017-12-19 18:52:17,2017-12-19 18:55:11,175,47775,47949,175,19,70,27,59
2017-12-19 18:55:11,2017-12-19 19:08:42,725,47949,48673,725,44,273,200,208
2017-12-19 19:08:42,2017-12-19 19:19:32,525,48673,49197,525,3,212,109,201
2017-12-19 19:19:32,2017-12-19 19:20:03,32,49197,49228,32,13,12,1,6
2017-12-19 19:20:03,2017-12-19 19:20:46,44,49228,49271,44,6,11,12,15
2017-12-19 19:20:46,2017-12-19 19:21:18,33,49271,49303,33,22,5,0,6
2017-12-20 06:06:51,2017-12-20 06:09:40,170,49429,49598,170,54,43,29,44
2017-12-20 06:21:18,2017-12-20 06:22:25,68,49800,49867,68,32,5,21,10
2017-12-20 06:22:45,2017-12-20 06:27:38,204,49887,50090,204,10,88,40,66
2017-12-20 07:02:35,2017-12-20 07:03:44,70,50347,50416,70,2,22,21,25
2017-12-20 07:03:57,2017-12-20 07:04:24,28,50429,50456,28,3,7,8,10
2017-12-20 07:04:24,2017-12-20 07:07:37,109,50456,50564,109,4,35,30,40
2017-12-20 07:07:54,2017-12-20 07:08:38,45,50581,50625,45,12,16,5,12
2017-12-20 07:08:38,2017-12-20 07:10:17,100,50625,50724,100,32,25,14,29
2017-12-20 07:10:28,2017-12-20 07:13:23,176,50735,50910,176,15,62,43,56
2017-12-20 07:14:13,2017-12-20 07:15:04,52,50960,51011,52,3,25,10,14
2017-12-20 07:15:04,2017-12-20 07:19:01,228,51011,51238,228,23,90,46,69
2017-12-20 07:19:01,2017-12-20 07:20:36,96,51238,51333,96,12,36,21,27
2017-12-20 07:20:36,2017-12-20 07:26:15,123,51333,51455,123,5,57,36,25
2017-12-20 07:26:15,2017-12-20 07:30:17,243,51455,51697,243,100,70,28,45
2017-12-20 07:30:17,2017-12-20 07:35:14,298,51697,51994,298,14,111,81,92
2017-12-20 07:35:14,2017-12-20 07:36:02,49,51994,52042,49,4,28,6,11
2017-12-20 07:36:06,2017-12-20 07:37:07,62,52046,52107,62,28,16,4,14
2017-12-20 07:37:07,2017-12-20 07:37:30,24,52107,52130,24,4,7,7,6
2017-12-20 07:37:42,2017-12-20 07:38:49,68,52142,52209,68,25,17,12,14
2017-12-20 07:38:49,2017-12-20 07:43:15,135,52209,52343,135,33,44,33,25
2017-12-20 07:43:17,2017-12-20 07:45:25,129,52345,52473,129,4,50,32,43
2017-12-20 07:53:57,2017-12-20 07:57:23,77,52494,52570,77,33,19,6,19
2017-12-20 07:57:23,2017-12-20 07:57:57,35,52570,52604,35,12,10,1,12
2017-12-20 07:58:06,2017-12-20 07:59:46,101,52613,52713,101,13,42,20,26
2017-12-20 07:59:46,2017-12-20 08:00:56,71,52713,52783,71,10,28,17,16
2017-12-20 08:00:56,2017-12-20 08:02:07,67,52783,52849,67,22,24,6,15
2017-12-20 08:03:23,2017-12-20 08:06:43,149,52925,53073,149,28,63,21,37
2017-12-20 08:07:24,2017-12-20 08:08:56,88,53114,53201,88,3,34,15,36
2017-12-20 08:08:56,2017-12-20 08:10:19,28,53201,53228,28,9,9,3,7
2017-12-20 08:10:19,2017-12-20 08:12:23,125,53228,53352,125,22,51,13,39
2017-12-20 08:12:33,2017-12-20 08:14:21,109,53362,53470,109,4,53,25,27
2017-12-20 08:14:21,2017-12-20 08:16:02,102,53470,53571,102,25,42,14,21
2017-12-20 08:16:12,2017-12-20 08:18:08,68,53581,53648,68,9,25,15,19
2017-12-20 08:18:08,2017-12-20 08:21:05,114,53648,53761,114,17,40,19,38
2017-12-20 08:21:10,2017-12-20 08:23:54,122,53766,53887,122,27,38,19,38
2017-12-20 08:23:54,2017-12-20 08:27:30,217,53887,54103,217,14,93,40,70
2017-12-20 08:27:45,2017-12-20 08:28:12,28,54118,54145,28,13,8,1,6
2017-12-20 08:28:12,2017-12-20 08:30:23,132,54145,54276,132,87,16,12,17
2017-12-20 08:51:34,2017-12-20 08:53:29,116,54397,54512,116,62,21,8,25
2017-12-20 08:53:29,2017-12-20 08:54:42,74,54512,54585,74,37,17,6,14
2017-12-20 08:54:42,2017-12-20 08:55:15,34,54585,54618,34,7,12,4,11
2017-12-20 09:14:48,2017-12-20 09:16:09,82,54682,54763,82,3,36,12,31
2017-12-20 09:16:09,2017-12-20 09:17:15,67,54763,54829,67,26,13,8,20
2017-12-20 09:17:15,2017-12-20 09:18:05,51,54829,54879,51,10,17,5,19
2017-12-20 09:18:05,2017-12-20 09:19:05,61,54879,54939,61,43,3,4,11
2017-12-20 09:19:05,2017-12-20 09:20:15,67,54939,55005,67,21,20,14,12
2017-12-20 09:20:22,2017-12-20 09:23:09,168,55012,55179,168,24,56,31,57
2017-12-20 09:23:20,2017-12-20 09:24:18,59,55190,55248,59,4,20,16,19
2017-12-20 09:24:18,2017-12-20 09:24:49,32,55248,55279,32,6,9,5,12
2017-12-20 09:25:31,2017-12-20 09:26:40,70,55321,55390,70,6,23,23,18
2017-12-20 09:26:40,2017-12-20 09:28:32,113,55390,55502,113,4,44,35,30
2017-12-20 09:39:01,2017-12-20 09:42:06,73,55528,55600,73,5,17,18,33
2017-12-20 09:42:23,2017-12-20 09:42:53,31,55617,55647,31,5,9,5,12
2017-12-20 09:43:44,2017-12-20 09:45:55,132,55698,55829,132,35,43,20,34
2017-12-20 09:45:55,2017-12-20 09:47:46,112,55829,55940,112,33,34,16,29
2017-12-20 09:47:46,2017-12-20 09:58:51,416,55940,56355,416,21,194,83,118
2017-12-20 09:58:51,2017-12-20 10:01:29,117,56355,56471,117,44,34,7,32
2017-12-20 10:01:29,2017-12-20 10:02:17,49,56471,56519,49,38,2,2,7
2017-12-20 11:03:47,2017-12-20 11:05:02,74,56799,56872,74,6,34,13,21
2017-12-20 11:05:12,2017-12-20 11:05:50,39,56882,56920,39,27,1,9,2
2017-12-20 11:05:50,2017-12-20 11:07:30,101,56920,57020,101,42,26,11,22
2017-12-20 11:07:30,2017-12-20 11:09:01,92,57020,57111,92,14,33,15,30
2017-12-20 11:09:01,2017-12-20 11:10:07,67,57111,57177,67,2,27,12,26
2017-12-20 11:10:22,2017-12-20 11:10:59,38,57192,57229,38,18,10,2,8
2017-12-20 11:21:44,2017-12-20 11:22:58,75,57353,57427,75,6,34,12,23
2017-12-20 11:22:58,2017-12-20 11:27:30,124,57427,57550,124,4,61,16,43
2017-12-20 11:27:34,2017-12-20 11:28:55,82,57554,57635,82,36,23,5,18
2017-12-20 11:28:55,2017-12-20 11:30:12,78,57635,57712,78,24,20,10,24
2017-12-20 11:31:00,2017-12-20 11:34:41,222,57760,57981,222,7,99,29,87
2017-12-20 11:34:41,2017-12-20 11:38:46,154,57981,58134,154,5,89,22,38
2017-12-20 11:54:39,2017-12-20 11:57:04,146,58166,58311,146,28,52,22,44
2017-12-20 11:57:04,2017-12-20 12:04:38,403,58311,58713,403,98,150,53,102
2017-12-20 12:04:38,2017-12-20 12:04:59,22,58713,58734,22,11,7,0,4
2017-12-20 12:05:06,2017-12-20 12:07:17,132,58741,58872,132,61,30,16,25
2017-12-20 12:07:17,2017-12-20 12:07:44,28,58872,58899,28,6,6,6,10
2017-12-20 12:07:44,2017-12-20 12:08:29,46,58899,58944,46,2,16,6,22
2017-12-20 12:08:29,2017-12-20 12:09:25,57,58944,59000,57,4,22,6,25
2017-12-20 12:09:25,2017-12-20 12:10:31,67,59000,59066,67,8,34,7,18
2017-12-20 12:10:31,2017-12-20 12:14:11,218,59066,59283,218,10,84,48,76
2017-12-20 12:14:11,2017-12-20 12:17:46,154,59283,59436,154,22,52,22,58
2017-12-20 12:17:46,2017-12-20 12:19:01,35,59436,59470,35,10,16,3,6
2017-12-20 12:50:12,2017-12-20 12:51:24,73,59618,59690,73,25,23,9,16
2017-12-20 12:51:24,2017-12-20 12:52:10,47,59690,59736,47,13,10,10,14
2017-12-20 12:52:13,2017-12-20 12:56:43,269,59739,60007,269,41,103,43,82
2017-12-20 12:56:43,2017-12-20 12:58:18,94,60007,60100,94,5,37,10,42
2017-12-20 12:58:18,2017-12-20 12:58:42,25,60100,60124,25,16,4,1,4
2017-12-20 12:58:49,2017-12-20 13:00:09,81,60131,60211,81,2,38,15,26
2017-12-20 13:00:09,2017-12-20 13:00:34,26,60211,60236,26,13,6,2,5
2017-12-20 13:02:27,2017-12-20 13:05:10,164,60275,60438,164,1,79,27,57
2017-12-20 13:05:10,2017-12-20 13:06:21,72,60438,60509,72,14,25,12,21
2017-12-20 13:06:21,2017-12-20 13:07:13,53,60509,60561,53,7,17,8,21
2017-12-20 13:07:13,2017-12-20 13:08:41,30,60561,60590,30,13,2,5,10
2017-12-20 13:08:41,2017-12-20 13:09:55,75,60590,60664,75,19,21,10,25
2017-12-20 13:09:55,2017-12-20 13:10:53,59,60664,60722,59,21,17,7,14
2017-12-20 13:10:53,2017-12-20 13:13:40,112,60722,60833,112,34,34,15,29
2017-12-20 13:13:40,2017-12-20 13:14:43,64,60833,60896,64,18,16,11,19
2017-12-20 13:14:43,2017-12-20 13:16:22,100,60896,60995,100,8,27,25,40
2017-12-20 13:16:36,2017-12-20 13:18:32,37,61009,61045,37,27,3,4,3
2017-12-20 13:18:32,2017-12-20 13:20:15,104,61045,61148,104,10,44,16,34
2017-12-20 13:20:15,2017-12-20 13:23:27,193,61148,61340,193,23,65,42,63
2017-12-20 13:23:27,2017-12-20 13:25:06,100,61340,61439,100,73,12,3,12
2017-12-20 13:25:06,2017-12-20 13:28:22,40,61439,61478,40,7,10,6,17
2017-12-20 13:28:22,2017-12-20 13:28:51,30,61478,61507,30,7,8,5,10
2017-12-20 13:28:51,2017-12-20 13:33:08,136,61507,61642,136,44,40,24,28
2017-12-20 13:34:04,2017-12-20 13:34:55,52,61698,61749,52,7,19,9,17
2017-12-20 13:50:45,2017-12-20 13:52:03,62,61800,61861,62,30,12,12,8
2017-12-20 13:55:27,2017-12-20 13:57:27,121,62065,62185,121,18,47,10,46
2017-12-20 13:57:27,2017-12-20 13:57:54,28,62185,62212,28,16,3,3,6
2017-12-20 14:15:45,2017-12-20 14:16:11,27,62242,62268,27,19,3,1,4
2017-12-20 14:16:11,2017-12-20 14:16:47,37,62268,62304,37,21,8,2,6
2017-12-20 14:16:47,2017-12-20 14:18:38,112,62304,62415,112,10,51,15,36
2017-12-20 14:18:38,2017-12-20 14:20:09,92,62415,62506,92,32,22,14,24
2017-12-20 14:20:09,2017-12-20 14:24:32,264,62506,62769,264,14,108,59,83
2017-12-20 14:24:32,2017-12-20 14:25:40,69,62769,62837,69,11,27,7,24
2017-12-20 14:25:40,2017-12-20 14:26:25,46,62837,62882,46,9,13,14,10
2017-12-20 14:46:26,2017-12-20 14:47:30,65,62894,62958,65,44,8,2,11
2017-12-20 14:47:30,2017-12-20 14:48:35,66,62958,63023,66,11,22,16,17
2017-12-20 14:48:35,2017-12-20 14:50:10,96,63023,63118,96,13,35,14,34
2017-12-20 14:50:10,2017-12-20 14:51:03,54,63118,63171,54,14,17,10,13
2017-12-20 15:02:28,2017-12-20 15:02:51,24,63228,63251,24,11,2,6,5
2017-12-20 15:02:51,2017-12-20 15:03:38,48,63251,63298,48,12,15,6,15
2017-12-20 15:03:47,2017-12-20 15:06:36,170,63307,63476,170,5,71,27,67
2017-12-20 15:06:36,2017-12-20 15:06:56,21,63476,63496,21,9,5,3,4
2017-12-20 15:06:56,2017-12-20 15:07:33,38,63496,63533,38,21,5,3,9
2017-12-20 15:07:37,2017-12-20 15:10:20,70,63537,63606,70,4,25,11,30
2017-12-20 15:36:11,2017-12-20 15:37:40,90,63629,63718,90,2,32,18,38
2017-12-20 15:37:40,2017-12-20 15:42:11,267,63718,63984,267,33,103,49,82
2017-12-20 15:42:11,2017-12-20 15:43:01,51,63984,64034,51,7,20,3,21
2017-12-20 15:43:23,2017-12-20 15:43:59,37,64056,64092,37,2,17,4,14
2017-12-20 17:44:46,2017-12-20 17:45:52,67,64322,64388,67,2,26,21,18
2017-12-20 17:45:52,2017-12-20 17:47:21,90,64388,64477,90,16,30,15,29
2017-12-20 17:47:21,2017-12-20 17:48:50,90,64477,64566,90,6,35,16,33
2017-12-20 17:48:50,2017-12-20 17:49:21,32,64566,64597,32,16,7,2,7
2017-12-20 17:50:54,2017-12-20 17:51:35,42,64690,64731,42,20,10,4,8
2017-12-20 17:52:47,2017-12-20 17:53:54,68,64803,64870,68,20,18,12,18
2017-12-20 17:53:54,2017-12-20 17:57:01,188,64870,65057,188,19,59,52,58
2017-12-20 17:57:01,2017-12-20 17:58:24,84,65057,65140,84,22,24,15,23
2017-12-20 17:58:24,2017-12-20 17:59:04,41,65140,65180,41,4,15,9,13
2017-12-20 18:17:58,2017-12-20 18:21:54,237,65273,65509,237,80,73,35,49
2017-12-20 18:21:54,2017-12-20 18:25:02,189,65509,65697,189,9,78,50,52
2017-12-20 18:25:02,2017-12-20 18:28:28,207,65697,65903,207,32,82,33,60
2017-12-20 18:28:28,2017-12-20 18:29:44,77,65903,65979,77,53,16,2,6
2017-12-20 18:29:47,2017-12-20 18:30:39,53,65982,66034,53,5,22,7,19
2017-12-20 19:01:15,2017-12-20 19:05:05,231,66050,66280,231,27,87,46,71
2017-12-20 19:05:05,2017-12-20 19:06:27,83,66280,66362,83,16,25,19,23
2017-12-20 19:06:27,2017-12-20 19:07:00,34,66362,66395,34,21,4,3,6
2017-12-20 19:15:58,2017-12-20 19:16:26,29,66423,66451,29,2,17,4,6
2017-12-20 19:16:26,2017-12-20 19:19:31,186,66451,66636,186,82,44,23,37
2017-12-20 19:19:31,2017-12-20 19:20:33,63,66636,66698,63,2,24,14,23
2017-12-20 19:20:33,2017-12-20 19:24:17,186,66698,66883,186,21,77,35,53
2017-12-20 19:24:17,2017-12-20 19:41:24,1028,66883,67910,1028,20,417,306,285
2017-12-20 19:41:24,2017-12-20 19:44:18,175,67910,68084,175,23,68,35,49
2017-12-20 19:44:18,2017-12-20 19:46:56,159,68084,68242,159,48,51,21,39
2017-12-20 19:46:56,2017-12-20 19:47:28,33,68242,68274,33,6,8,6,13
2017-12-20 19:47:28,2017-12-20 19:48:55,88,68274,68361,88,37,22,10,19
2017-12-20 20:39:15,2017-12-20 20:39:55,41,68412,68452,41,12,13,8,8
2017-12-20 20:40:21,2017-12-20 20:41:20,60,68478,68537,60,5,20,18,17
2017-12-20 20:41:20,2017-12-20 20:42:40,81,68537,68617,81,11,31,16,23
2017-12-20 20:43:35,2017-12-20 20:44:38,64,68672,68735,64,50,3,4,7
2017-12-20 20:45:02,2017-12-20 20:45:27,26,68759,68784,26,4,9,1,12
2017-12-20 20:45:27,2017-12-20 20:47:09,103,68784,68886,103,16,41,14,32
2017-12-20 20:47:09,2017-12-20 20:49:46,158,68886,69043,158,36,62,22,38
2017-12-20 20:49:46,2017-12-20 20:55:31,271,69043,69313,271,25,100,71,75
2017-12-20 20:55:31,2017-12-20 21:02:36,382,69313,69694,382,23,119,138,102
2017-12-20 21:32:45,2017-12-20 21:37:57,246,69773,70018,246,46,92,67,41
2017-12-20 21:37:57,2017-12-20 21:39:21,85,70018,70102,85,41,29,5,10
2017-12-20 21:39:21,2017-12-20 21:43:06,193,70102,70294,193,24,70,52,47
2017-12-20 21:43:06,2017-12-20 21:45:17,132,70294,70425,132,16,54,26,36
2017-12-20 21:45:17,2017-12-20 21:47:02,45,70425,70469,45,4,11,14,16
2017-12-20 21:47:02,2017-12-20 21:52:51,350,70469,70818,350,28,119,116,87
2017-12-20 22:06:33,2017-12-20 22:11:07,275,71096,71370,275,77,74,68,56
2017-12-20 22:11:07,2017-12-20 22:13:36,99,71370,71468,99,43,38,14,4
2017-12-20 22:13:36,2017-12-20 22:17:11,156,71468,71623,156,14,65,30,47
2017-12-20 22:17:11,2017-12-20 22:17:53,43,71623,71665,43,5,14,12,12
2017-12-20 22:17:53,2017-12-20 22:20:18,32,71665,71696,32,9,8,3,12
2017-12-20 22:20:22,2017-12-20 22:25:14,293,71700,71992,293,8,130,64,91
2017-12-20 22:25:56,2017-12-20 22:27:04,69,72034,72102,69,4,22,18,25
2017-12-20 22:43:07,2017-12-20 22:46:21,195,72144,72338,195,29,63,73,30
2017-12-20 22:46:21,2017-12-20 22:51:56,334,72338,72671,334,3,96,152,83
2017-12-20 23:26:23,2017-12-20 23:31:51,235,72689,72923,235,30,74,72,59
2017-12-21 08:35:11,2017-12-21 08:36:17,67,73153,73219,67,3,17,16,31
2017-12-21 08:36:17,2017-12-21 08:40:20,160,73219,73378,160,8,49,62,41
2017-12-21 09:48:00,2017-12-21 09:52:59,300,73745,74044,300,4,105,114,77
2017-12-21 09:52:59,2017-12-21 09:58:59,361,74044,74404,361,31,98,155,77
2017-12-21 09:58:59,2017-12-21 10:01:07,129,74404,74532,129,11,49,29,40
2017-12-21 10:02:58,2017-12-21 10:04:08,71,74643,74713,71,4,22,22,23
2017-12-21 10:04:08,2017-12-21 10:07:25,198,74713,74910,198,10,76,59,53
2017-12-21 10:07:25,2017-12-21 10:10:37,141,74910,75050,141,15,63,46,17
2017-12-21 10:10:37,2017-12-21 10:23:55,665,75050,75714,665,2,244,245,174
2017-12-21 10:23:55,2017-12-21 10:25:14,80,75714,75793,80,3,36,12,29
2017-12-21 10:25:14,2017-12-21 10:26:02,49,75793,75841,49,3,14,17,15
2017-12-21 10:26:40,2017-12-21 10:27:08,29,75879,75907,29,12,4,6,7
2017-12-21 10:27:08,2017-12-21 10:27:36,29,75907,75935,29,2,13,5,9
2017-12-21 10:27:36,2017-12-21 10:38:30,580,75935,76514,580,5,243,129,203
2017-12-21 10:38:47,2017-12-21 10:39:46,53,76531,76583,53,4,19,11,19
2017-12-21 10:39:46,2017-12-21 10:40:13,28,76583,76610,28,2,5,15,6
2017-12-21 10:40:13,2017-12-21 10:40:37,25,76610,76634,25,8,3,10,4
2017-12-21 10:40:37,2017-12-21 10:41:02,26,76634,76659,26,20,2,1,3
2017-12-21 10:42:06,2017-12-21 10:42:57,52,76723,76774,52,25,13,6,8
2017-12-21 10:42:57,2017-12-21 10:44:57,61,76774,76834,61,4,22,5,30
2017-12-21 10:44:57,2017-12-21 10:45:21,25,76834,76858,25,17,3,0,5
2017-12-21 10:45:21,2017-12-21 10:47:48,102,76858,76959,102,11,56,15,20
2017-12-21 10:47:48,2017-12-21 10:50:14,108,76959,77066,108,15,34,25,34
2017-12-21 10:50:14,2017-12-21 10:50:57,44,77066,77109,44,13,9,12,10
2017-12-21 10:51:00,2017-12-21 10:52:30,91,77112,77202,91,4,36,21,30
2017-12-21 11:01:01,2017-12-21 11:04:11,191,77311,77501,191,3,88,35,65
2017-12-21 11:04:11,2017-12-21 11:05:41,91,77501,77591,91,23,29,13,26
2017-12-21 11:05:41,2017-12-21 11:07:21,41,77591,77631,41,5,13,6,17
2017-12-21 11:07:21,2017-12-21 11:08:07,47,77631,77677,47,37,2,3,5
2017-12-21 11:22:28,2017-12-21 11:24:28,121,77904,78024,121,93,14,3,11
2017-12-21 11:24:28,2017-12-21 11:27:56,128,78024,78151,128,4,52,18,54
2017-12-21 11:59:48,2017-12-21 12:03:34,227,79382,79608,227,82,65,30,50
2017-12-21 12:03:34,2017-12-21 12:05:48,135,79608,79742,135,4,53,30,48
2017-12-21 12:06:48,2017-12-21 12:08:15,88,79802,79889,88,33,27,9,19
2017-12-21 12:08:15,2017-12-21 12:09:10,56,79889,79944,56,14,11,5,26
2017-12-21 12:09:45,2017-12-21 12:10:05,21,79979,79999,21,4,3,10,4
2017-12-21 12:10:55,2017-12-21 12:12:24,90,80049,80138,90,12,34,13,31
2017-12-21 12:12:24,2017-12-21 12:14:21,118,80138,80255,118,15,46,23,34
2017-12-21 12:27:13,2017-12-21 12:36:15,543,80308,80850,543,86,198,101,158
2017-12-21 12:36:15,2017-12-21 12:37:39,85,80850,80934,85,68,4,2,11
2017-12-21 12:37:39,2017-12-21 12:38:34,56,80934,80989,56,5,25,16,10
2017-12-21 12:39:02,2017-12-21 12:39:42,41,81017,81057,41,3,11,17,10
2017-12-21 12:49:19,2017-12-21 12:49:43,25,81130,81154,25,7,7,4,7
2017-12-21 12:49:43,2017-12-21 12:50:53,71,81154,81224,71,2,31,12,26
2017-12-21 12:50:53,2017-12-21 12:55:26,274,81224,81497,274,42,87,79,66
2017-12-21 12:55:26,2017-12-21 12:58:47,59,81497,81555,59,3,29,14,13
2017-12-21 12:58:47,2017-12-21 13:01:29,163,81555,81717,163,24,62,31,46
2017-12-21 13:01:29,2017-12-21 13:09:02,454,81717,82170,454,105,140,96,113
2017-12-21 13:09:02,2017-12-21 13:10:13,72,82170,82241,72,21,21,10,20
2017-12-21 13:10:13,2017-12-21 13:13:02,170,82241,82410,170,28,63,38,41
2017-12-21 13:13:02,2017-12-21 13:17:44,191,82410,82600,191,89,51,26,25
2017-12-21 13:17:44,2017-12-21 13:22:02,148,82600,82747,148,7,70,30,41
2017-12-21 13:22:02,2017-12-21 13:25:02,181,82747,82927,181,2,74,43,62
2017-12-21 13:25:16,2017-12-21 13:28:42,207,82941,83147,207,53,73,35,46
2017-12-21 13:28:42,2017-12-21 13:33:35,294,83147,83440,294,28,99,92,75
2017-12-21 13:33:35,2017-12-21 13:38:14,280,83440,83719,280,36,115,51,78
2017-12-21 13:38:14,2017-12-21 13:38:45,32,83719,83750,32,6,10,4,12
2017-12-21 13:38:45,2017-12-21 13:46:41,178,83750,83927,178,30,94,21,33
2017-12-21 13:46:41,2017-12-21 13:47:48,68,83927,83994,68,3,33,9,23
2017-12-21 13:47:48,2017-12-21 13:51:09,202,83994,84195,202,8,85,43,66
2017-12-21 13:51:09,2017-12-21 13:57:28,380,84195,84574,380,17,160,93,110
2017-12-21 13:57:43,2017-12-21 13:59:31,109,84589,84697,109,10,45,24,30
2017-12-21 13:59:31,2017-12-21 14:00:31,59,84697,84755,59,8,18,12,21
2017-12-21 14:00:31,2017-12-21 14:01:52,78,84755,84832,78,6,38,6,28
2017-12-21 14:01:52,2017-12-21 14:04:37,166,84832,84997,166,25,62,36,43
2017-12-21 14:04:37,2017-12-21 14:08:35,239,84997,85235,239,22,113,33,71
2017-12-21 14:14:56,2017-12-21 14:17:54,76,85237,85312,76,1,22,19,34
2017-12-21 14:19:08,2017-12-21 14:21:03,64,85386,85449,64,4,28,6,26
2017-12-21 14:21:03,2017-12-21 14:27:10,368,85449,85816,368,3,152,98,115
2017-12-21 14:27:10,2017-12-21 14:28:39,90,85816,85905,90,24,25,18,23
2017-12-21 14:28:39,2017-12-21 14:29:12,34,85905,85938,34,18,7,2,7
2017-12-21 14:29:17,2017-12-21 14:31:11,115,85943,86057,115,12,45,26,32
2017-12-21 14:31:11,2017-12-21 14:36:14,82,86057,86138,82,6,28,10,38
2017-12-21 14:36:14,2017-12-21 14:37:18,65,86138,86202,65,20,21,9,15
2017-12-21 14:37:18,2017-12-21 14:38:21,64,86202,86265,64,3,29,11,21
2017-12-21 14:38:21,2017-12-21 14:39:58,98,86265,86362,98,47,28,7,16
2017-12-21 14:39:58,2017-12-21 14:41:37,100,86362,86461,100,15,43,19,23
2017-12-21 14:41:37,2017-12-21 14:44:11,155,86461,86615,155,83,32,17,23
2017-12-21 14:44:11,2017-12-21 14:44:42,32,86615,86646,32,17,7,2,6
2017-12-21 14:44:57,2017-12-21 14:48:47,98,86661,86758,98,6,38,22,32
2017-12-21 14:48:47,2017-12-21 14:50:33,29,86758,86786,29,16,2,2,9
2017-12-21 14:50:33,2017-12-21 14:52:55,41,86786,86826,41,5,11,6,19
2017-12-21 14:52:55,2017-12-21 14:59:08,149,86826,86974,149,4,58,33,54
2017-12-21 14:59:08,2017-12-21 15:01:54,167,86974,87140,167,57,52,29,29
2017-12-21 15:01:57,2017-12-21 15:02:22,26,87143,87168,26,17,2,3,4
2017-12-21 15:02:22,2017-12-21 15:03:42,81,87168,87248,81,19,32,13,17
2017-12-21 15:03:42,2017-12-21 15:05:48,127,87248,87374,127,57,22,22,26
2017-12-21 15:05:48,2017-12-21 15:08:07,140,87374,87513,140,93,28,8,11
2017-12-21 15:08:07,2017-12-21 15:10:14,128,87513,87640,128,21,48,22,37
2017-12-21 15:10:19,2017-12-21 15:10:55,37,87645,87681,37,2,16,7,12
2017-12-21 15:10:55,2017-12-21 15:12:53,119,87681,87799,119,7,42,31,39
2017-12-21 15:12:53,2017-12-21 15:15:32,105,87799,87903,105,3,32,29,41
2017-12-21 15:15:32,2017-12-21 15:18:59,208,87903,88110,208,46,66,37,59
2017-12-21 15:18:59,2017-12-21 15:20:52,114,88110,88223,114,8,39,26,41
2017-12-21 15:20:52,2017-12-21 15:21:18,27,88223,88249,27,18,6,0,3
2017-12-21 15:21:21,2017-12-21 15:24:00,160,88252,88411,160,64,48,18,30
2017-12-21 15:24:00,2017-12-21 15:24:48,49,88411,88459,49,16,20,2,11
2017-12-21 15:24:48,2017-12-21 15:25:54,67,88459,88525,67,39,11,3,14
2017-12-21 15:25:54,2017-12-21 15:29:18,155,88525,88679,155,52,42,30,31
2017-12-21 15:29:18,2017-12-21 15:31:16,44,88679,88722,44,18,24,2,0
2017-12-21 15:31:16,2017-12-21 15:32:34,79,88722,88800,79,25,29,7,18
2017-12-21 15:32:34,2017-12-21 15:35:03,150,88800,88949,150,24,52,32,42
2017-12-21 15:35:03,2017-12-21 15:36:22,79,88949,89027,79,4,39,14,22
2017-12-21 15:36:33,2017-12-21 15:45:43,551,89038,89588,551,32,200,161,158
2017-12-21 15:45:49,2017-12-21 15:51:46,234,89594,89827,234,8,81,100,45
2017-12-21 15:51:46,2017-12-21 15:52:28,43,89827,89869,43,20,8,8,7
2017-12-21 15:52:28,2017-12-21 15:56:43,256,89869,90124,256,6,114,56,80
2017-12-21 15:56:43,2017-12-21 15:57:30,48,90124,90171,48,13,20,3,12
2017-12-21 15:57:30,2017-12-21 15:58:19,50,90171,90220,50,9,18,8,15
2017-12-21 15:58:19,2017-12-21 15:58:47,29,90220,90248,29,20,3,2,4
2017-12-21 15:58:47,2017-12-21 15:59:14,28,90248,90275,28,21,2,2,3
2017-12-21 16:07:01,2017-12-21 16:07:36,36,90382,90417,36,4,16,7,9
2017-12-21 16:07:36,2017-12-21 16:12:49,244,90417,90660,244,5,64,106,69
2017-12-21 16:12:49,2017-12-21 16:15:08,140,90660,90799,140,81,17,15,27
2017-12-21 16:29:53,2017-12-21 16:33:38,226,91223,91448,226,64,76,48,38
2017-12-21 16:33:41,2017-12-21 16:34:35,55,91451,91505,55,28,20,1,6
2017-12-21 16:34:35,2017-12-21 16:38:28,154,91505,91658,154,72,50,18,14
2017-12-21 16:38:28,2017-12-21 16:47:19,532,91658,92189,532,24,215,147,146
2017-12-21 16:47:19,2017-12-21 16:50:39,199,92189,92387,199,23,71,46,59
2017-12-21 16:50:55,2017-12-21 16:52:56,122,92403,92524,122,18,30,36,38
2017-12-21 16:53:11,2017-12-21 16:53:38,28,92539,92566,28,7,5,5,11
2017-12-21 16:53:42,2017-12-21 16:54:29,48,92570,92617,48,24,9,6,9
2017-12-21 16:55:29,2017-12-21 16:55:50,22,92677,92698,22,9,4,0,9
2017-12-21 16:56:15,2017-12-21 16:58:47,153,92723,92875,153,3,78,35,37
2017-12-21 16:58:47,2017-12-21 17:00:47,121,92875,92995,121,4,46,27,44
2017-12-21 17:00:58,2017-12-21 17:02:15,78,93006,93083,78,10,32,5,31
2017-12-21 17:02:23,2017-12-21 17:03:25,63,93091,93153,63,4,33,11,15
2017-12-21 17:03:25,2017-12-21 17:11:09,465,93153,93617,465,48,198,77,142
2017-12-21 17:11:09,2017-12-21 17:11:43,35,93617,93651,35,12,9,3,11
2017-12-21 17:11:43,2017-12-21 17:13:43,121,93651,93771,121,34,38,22,27
2017-12-21 17:13:43,2017-12-21 17:16:24,125,93771,93895,125,23,44,23,35
2017-12-21 17:16:24,2017-12-21 17:17:41,23,93895,93917,23,14,6,1,2
2017-12-21 17:17:52,2017-12-21 17:24:30,399,93928,94326,399,6,149,110,134
2017-12-21 17:24:30,2017-12-21 17:25:38,69,94326,94394,69,3,26,16,24
2017-12-21 17:25:38,2017-12-21 17:31:21,58,94394,94451,58,4,16,16,22
2017-12-21 17:36:39,2017-12-21 17:37:13,35,94461,94495,35,19,8,3,5
2017-12-21 17:37:26,2017-12-21 17:38:10,45,94508,94552,45,10,10,11,14
2017-12-21 17:38:10,2017-12-21 17:40:38,72,94552,94623,72,6,28,12,26
2017-12-21 17:40:38,2017-12-21 17:41:54,77,94623,94699,77,51,16,5,5
2017-12-21 17:41:54,2017-12-21 17:43:44,105,94699,94803,105,49,26,8,22
2017-12-21 17:43:44,2017-12-21 17:44:19,36,94803,94838,36,11,8,9,8
2017-12-21 17:44:29,2017-12-21 17:47:29,25,94848,94872,25,5,0,3,17
2017-12-21 17:47:29,2017-12-21 17:48:38,70,94872,94941,70,53,8,1,8
2017-12-21 17:48:52,2017-12-21 17:50:43,112,94955,95066,112,89,8,5,10
2017-12-21 17:52:51,2017-12-21 17:57:58,300,95194,95493,300,91,88,54,67
2017-12-21 17:57:58,2017-12-21 17:59:15,76,95493,95568,76,21,25,10,20
2017-12-21 17:59:15,2017-12-21 17:59:37,23,95568,95590,23,5,10,1,7
2017-12-21 17:59:37,2017-12-21 18:03:51,255,95590,95844,255,43,77,69,66
2017-12-21 18:04:18,2017-12-21 18:07:52,215,95871,96085,215,2,74,53,86
2017-12-21 18:23:13,2017-12-21 18:24:09,57,96203,96259,57,19,13,15,10
2017-12-21 18:24:09,2017-12-21 18:25:20,72,96259,96330,72,20,20,18,14
2017-12-21 18:25:20,2017-12-21 18:33:16,363,96330,96692,363,11,159,89,104
2017-12-21 18:33:16,2017-12-21 18:35:37,142,96692,96833,142,12,45,56,29
2017-12-21 19:11:46,2017-12-21 19:12:51,66,97161,97226,66,23,24,7,12
2017-12-21 19:13:08,2017-12-21 19:14:10,60,97243,97302,60,11,24,11,14
2017-12-21 19:14:10,2017-12-21 19:16:53,164,97302,97465,164,68,41,23,32
2017-12-21 19:32:51,2017-12-21 19:35:55,185,97516,97700,185,9,73,37,66
2017-12-21 19:35:55,2017-12-21 19:41:03,309,97700,98008,309,98,84,69,58
2017-12-21 19:41:03,2017-12-21 19:43:42,69,98008,98076,69,26,29,8,6
2017-12-21 19:43:42,2017-12-21 19:45:57,136,98076,98211,136,46,38,26,26
2017-12-21 20:00:35,2017-12-21 20:02:25,111,98295,98405,111,8,41,32,30
2017-12-21 20:09:45,2017-12-21 20:11:15,91,98474,98564,91,3,48,19,21
2017-12-21 20:11:15,2017-12-21 20:13:39,145,98564,98708,145,29,48,34,34
2017-12-21 20:13:39,2017-12-21 20:15:02,82,98708,98789,82,46,16,7,13
2017-12-21 20:15:02,2017-12-21 20:18:55,129,98789,98917,129,40,27,26,36
2017-12-21 20:18:55,2017-12-21 20:20:28,56,98917,98972,56,6,19,14,17
2017-12-21 20:20:28,2017-12-21 20:21:31,64,98972,99035,64,16,21,11,16
2017-12-21 20:21:31,2017-12-21 20:26:46,71,99035,99105,71,5,30,12,24
2017-12-21 20:26:46,2017-12-21 20:29:45,180,99105,99284,180,9,84,36,51
2017-12-21 20:29:45,2017-12-21 20:30:13,29,99284,99312,29,16,6,1,6
2017-12-21 20:30:28,2017-12-21 20:45:02,679,99327,100005,679,10,266,191,212
2017-12-21 20:45:08,2017-12-21 21:02:19,873,100011,100883,873,10,262,382,219
2017-12-21 21:02:19,2017-12-21 21:04:33,89,100883,100971,89,39,13,14,23
2017-12-21 21:04:33,2017-12-21 21:11:45,203,100971,101173,203,7,82,76,38
2017-12-21 21:11:53,2017-12-21 21:14:03,60,101181,101240,60,3,27,10,20
2017-12-21 21:14:03,2017-12-21 21:16:44,101,101240,101340,101,13,12,47,29
2017-12-21 21:16:44,2017-12-21 21:22:10,278,101340,101617,278,24,98,79,77
2017-12-22 09:21:48,2017-12-22 09:22:09,22,103141,103162,22,17,3,1,1
2017-12-22 09:22:09,2017-12-22 09:25:13,94,103162,103255,94,2,30,36,26
2017-12-22 09:25:13,2017-12-22 09:26:15,63,103255,103317,63,19,13,16,15
2017-12-22 09:54:50,2017-12-22 09:55:34,45,103535,103579,45,3,15,8,19
2017-12-22 11:27:27,2017-12-22 11:33:02,121,103692,103812,121,6,27,44,44
2017-12-22 11:33:02,2017-12-22 11:33:44,43,103812,103854,43,30,2,10,1
2017-12-22 11:33:58,2017-12-22 11:42:14,347,103868,104214,347,24,134,87,102
2017-12-22 11:42:14,2017-12-22 11:43:11,58,104214,104271,58,5,14,19,20
2017-12-22 11:43:58,2017-12-22 11:44:24,27,104318,104344,27,9,9,4,5
2017-12-22 11:44:24,2017-12-22 11:44:52,29,104344,104372,29,11,8,3,7
2017-12-22 11:45:24,2017-12-22 11:50:19,209,104404,104612,209,6,104,44,55
2017-12-22 11:50:19,2017-12-22 12:00:26,608,104612,105219,608,47,222,168,171
2017-12-22 12:00:26,2017-12-22 12:04:23,238,105219,105456,238,18,88,53,79
2017-12-22 12:04:23,2017-12-22 12:05:59,97,105456,105552,97,28,43,3,23
2017-12-22 12:05:59,2017-12-22 12:13:58,387,105552,105938,387,99,139,62,87
2017-12-22 12:13:58,2017-12-22 12:15:56,72,105938,106009,72,3,23,16,30
2017-12-22 12:15:56,2017-12-22 12:18:36,159,106009,106167,159,40,55,20,44
2017-12-22 12:18:36,2017-12-22 12:21:33,178,106167,106344,178,134,22,6,16
2017-12-22 12:21:33,2017-12-22 12:22:19,47,106344,106390,47,3,21,10,13
2017-12-22 12:22:19,2017-12-22 12:24:20,120,106390,106509,120,35,38,8,39
2017-12-22 12:24:20,2017-12-22 12:27:45,202,106509,106710,202,10,88,49,55
2017-12-22 12:27:45,2017-12-22 12:28:44,60,106710,106769,60,12,19,9,20
2017-12-22 12:28:44,2017-12-22 12:30:30,61,106769,106829,61,3,24,11,23
2017-12-22 12:30:30,2017-12-22 12:37:27,209,106829,107037,209,10,94,52,53
2017-12-22 12:37:27,2017-12-22 12:39:04,98,107037,107134,98,34,36,14,14
2017-12-22 12:52:41,2017-12-22 12:54:13,93,107373,107465,93,47,19,11,16
2017-12-22 12:54:13,2017-12-22 12:55:09,57,107465,107521,57,15,19,5,18
2017-12-22 12:55:09,2017-12-22 13:01:10,201,107521,107721,201,18,86,33,64
2017-12-22 13:19:40,2017-12-22 13:20:25,46,108102,108147,46,5,14,7,20
2017-12-22 13:22:50,2017-12-22 13:25:03,134,108171,108304,134,85,24,7,18
2017-12-22 13:25:03,2017-12-22 13:28:11,189,108304,108492,189,4,79,36,70
2017-12-22 13:28:55,2017-12-22 13:36:25,279,108536,108814,279,38,83,67,91
2017-12-22 13:37:15,2017-12-22 13:39:55,161,108864,109024,161,14,68,24,55
2017-12-22 13:39:55,2017-12-22 13:40:53,59,109024,109082,59,5,27,3,24
2017-12-22 13:41:04,2017-12-22 13:42:59,75,109093,109167,75,3,34,12,26
2017-12-22 13:42:59,2017-12-22 13:43:35,37,109167,109203,37,13,10,4,10
2017-12-22 13:54:54,2017-12-22 13:57:04,131,109344,109474,131,7,53,15,56
2017-12-22 13:57:04,2017-12-22 14:03:57,192,109474,109665,192,116,23,14,39
2017-12-22 14:03:57,2017-12-22 14:06:23,147,109665,109811,147,77,24,11,35
2017-12-22 14:06:23,2017-12-22 14:07:48,86,109811,109896,86,5,28,24,29
2017-12-22 14:08:33,2017-12-22 14:15:06,116,109941,110056,116,2,27,33,54
2017-12-22 14:15:10,2017-12-22 14:15:33,24,110060,110083,24,8,5,3,8
2017-12-22 14:15:33,2017-12-22 14:17:40,33,110083,110115,33,8,7,10,8
2017-12-22 14:18:04,2017-12-22 14:20:32,146,110139,110284,146,55,37,20,34
2017-12-22 14:20:32,2017-12-22 14:23:00,66,110284,110349,66,36,8,3,19
2017-12-22 14:23:17,2017-12-22 14:26:35,199,110366,110564,199,92,41,21,45
2017-12-22 14:26:42,2017-12-22 14:28:01,80,110571,110650,80,11,27,18,24
2017-12-22 14:28:01,2017-12-22 14:30:43,101,110650,110750,101,27,31,15,28
2017-12-22 14:50:03,2017-12-22 14:50:40,38,110791,110828,38,6,16,7,9
2017-12-22 14:50:40,2017-12-22 14:52:34,115,110828,110942,115,23,41,20,31
2017-12-22 14:52:34,2017-12-22 14:59:50,328,110942,111269,328,2,117,99,110
2017-12-22 15:02:56,2017-12-22 15:07:20,66,111280,111345,66,8,19,15,24
2017-12-22 15:07:20,2017-12-22 15:08:37,78,111345,111422,78,5,22,16,35
2017-12-22 15:08:37,2017-12-22 15:10:57,141,111422,111562,141,65,35,16,25
2017-12-22 15:10:57,2017-12-22 15:12:46,110,111562,111671,110,50,25,6,29
2017-12-22 15:14:04,2017-12-22 15:17:43,220,111749,111968,220,155,30,16,19
2017-12-22 15:17:43,2017-12-22 15:19:00,78,111968,112045,78,23,25,9,21
2017-12-22 15:19:00,2017-12-22 15:19:24,25,112045,112069,25,12,5,3,5
2017-12-22 15:19:24,2017-12-22 15:20:56,93,112069,112161,93,20,30,12,31
2017-12-22 15:21:44,2017-12-22 15:22:25,42,112209,112250,42,22,11,6,3
2017-12-22 15:22:25,2017-12-22 15:26:01,217,112250,112466,217,109,44,29,35
2017-12-22 15:26:14,2017-12-22 15:27:49,96,112479,112574,96,61,11,8,16
2017-12-22 15:27:49,2017-12-22 15:28:13,25,112574,112598,25,2,7,8,8
2017-12-22 15:28:13,2017-12-22 15:33:59,347,112598,112944,347,70,135,67,75
2017-12-22 15:34:39,2017-12-22 15:36:28,110,112984,113093,110,2,48,33,27
2017-12-22 15:36:28,2017-12-22 15:46:55,408,113093,113500,408,84,143,59,122
2017-12-22 15:47:12,2017-12-22 15:53:12,109,113517,113625,109,10,47,33,19
2017-12-22 15:53:12,2017-12-22 15:55:34,143,113625,113767,143,20,51,25,47
2017-12-22 15:55:51,2017-12-22 15:56:28,38,113784,113821,38,8,10,14,6
2017-12-22 15:56:28,2017-12-22 15:57:27,60,113821,113880,60,16,16,11,17
2017-12-22 15:57:40,2017-12-22 15:58:07,28,113893,113920,28,6,14,3,5
2017-12-22 15:58:07,2017-12-22 15:59:36,88,113920,114007,88,46,19,13,10
2017-12-22 15:59:36,2017-12-22 16:00:18,43,114007,114049,43,15,13,7,8
2017-12-22 16:00:18,2017-12-22 16:03:07,170,114049,114218,170,107,30,13,20
2017-12-22 16:03:11,2017-12-22 16:04:51,101,114222,114322,101,8,32,21,40
2017-12-22 16:04:51,2017-12-22 16:05:23,33,114322,114354,33,12,10,4,7
2017-12-22 16:05:49,2017-12-22 16:06:21,33,114380,114412,33,5,11,6,11
2017-12-22 16:06:21,2017-12-22 16:08:12,112,114412,114523,112,74,19,4,15
2017-12-22 16:08:12,2017-12-22 16:08:57,46,114523,114568,46,4,22,7,13
2017-12-22 16:08:57,2017-12-22 16:10:24,88,114568,114655,88,5,40,14,29
2017-12-22 16:10:24,2017-12-22 16:12:04,101,114655,114755,101,52,24,5,20
2017-12-22 16:12:04,2017-12-22 16:13:11,66,114755,114820,66,7,24,14,21
2017-12-22 16:13:11,2017-12-22 16:15:05,115,114820,114934,115,8,45,26,36
2017-12-22 16:15:05,2017-12-22 16:15:57,53,114934,114986,53,4,22,5,22
2017-12-22 16:15:57,2017-12-22 16:16:26,30,114986,115015,30,8,11,3,8
2017-12-22 16:16:26,2017-12-22 16:18:41,51,115015,115065,51,5,22,12,12
2017-12-22 16:18:41,2017-12-22 16:21:58,112,115065,115176,112,8,52,16,36
2017-12-22 16:21:58,2017-12-22 16:22:18,21,115176,115196,21,15,1,2,3
2017-12-22 16:22:25,2017-12-22 16:24:12,108,115203,115310,108,3,49,28,28
2017-12-22 16:24:12,2017-12-22 16:26:13,61,115310,115370,61,14,30,11,6
2017-12-22 16:26:13,2017-12-22 16:28:34,142,115370,115511,142,32,45,22,43
2017-12-22 16:28:34,2017-12-22 16:29:58,85,115511,115595,85,2,34,17,32
2017-12-22 16:29:58,2017-12-22 16:31:54,117,115595,115711,117,11,40,35,31
2017-12-22 16:31:54,2017-12-22 16:32:22,29,115711,115739,29,9,6,5,9
2017-12-22 16:32:22,2017-12-22 16:32:42,21,115739,115759,21,11,3,3,4
2017-12-22 16:49:10,2017-12-22 16:52:42,213,115782,115994,213,71,66,28,48
2017-12-22 16:52:42,2017-12-22 16:54:27,106,115994,116099,106,69,22,2,13
2017-12-22 16:54:27,2017-12-22 16:55:32,66,116099,116164,66,30,11,5,20
2017-12-22 16:56:09,2017-12-22 16:57:17,69,116201,116269,69,50,9,1,9
2017-12-22 16:57:20,2017-12-22 17:00:44,125,116272,116396,125,17,47,17,44
2017-12-22 17:00:44,2017-12-22 17:01:28,45,116396,116440,45,20,11,6,8
2017-12-22 17:01:28,2017-12-22 17:02:46,79,116440,116518,79,30,19,9,21
2017-12-22 17:02:46,2017-12-22 17:06:57,22,116518,116539,22,2,1,11,8
2017-12-22 17:06:57,2017-12-22 17:11:05,246,116539,116784,246,58,86,46,56
2017-12-22 17:11:05,2017-12-22 17:11:54,50,116784,116833,50,40,6,0,4
2017-12-22 17:12:01,2017-12-22 17:15:18,198,116840,117037,198,55,56,38,49
2017-12-22 17:15:18,2017-12-22 17:15:50,33,117037,117069,33,10,11,3,9
2017-12-22 17:15:50,2017-12-22 17:17:55,126,117069,117194,126,53,36,16,21
2017-12-22 17:17:55,2017-12-22 17:19:57,123,117194,117316,123,19,60,16,28
2017-12-22 17:19:57,2017-12-22 17:20:35,39,117316,117354,39,26,5,3,5
2017-12-22 17:20:35,2017-12-22 17:22:12,98,117354,117451,98,70,8,10,10
2017-12-22 17:24:02,2017-12-22 17:24:32,31,117561,117591,31,18,6,2,5
2017-12-22 17:24:32,2017-12-22 17:29:22,95,117591,117685,95,9,29,27,30
2017-12-22 17:38:01,2017-12-22 17:38:44,44,117764,117807,44,21,9,8,6
2017-12-22 17:38:51,2017-12-22 17:39:23,33,117814,117846,33,8,11,7,7
2017-12-22 17:39:23,2017-12-22 17:42:40,77,117846,117922,77,5,33,5,34
2017-12-22 17:42:43,2017-12-22 17:43:22,40,117925,117964,40,2,11,17,10
2017-12-22 17:43:41,2017-12-22 17:44:06,26,117983,118008,26,4,10,5,7
2017-12-22 17:44:06,2017-12-22 17:49:53,146,118008,118153,146,3,54,38,51
2017-12-22 17:49:53,2017-12-22 17:52:41,111,118153,118263,111,26,27,23,35
2017-12-22 17:52:57,2017-12-22 17:54:01,65,118279,118343,65,18,23,12,12
2017-12-22 17:54:01,2017-12-22 17:54:52,52,118343,118394,52,9,18,9,16
2017-12-22 17:54:52,2017-12-22 17:56:29,98,118394,118491,98,74,15,1,8
2017-12-22 17:56:29,2017-12-22 17:57:12,44,118491,118534,44,5,13,11,15
2017-12-22 17:57:12,2017-12-22 17:58:21,70,118534,118603,70,18,29,10,13
2017-12-22 17:58:21,2017-12-22 18:01:55,92,118603,118694,92,3,38,15,36
2017-12-22 18:02:27,2017-12-22 18:03:58,92,118726,118817,92,5,36,22,29
2017-12-22 18:04:25,2017-12-22 18:04:58,34,118844,118877,34,19,7,1,7
2017-12-22 18:04:58,2017-12-22 18:05:24,27,118877,118903,27,19,3,1,4
2017-12-22 18:06:32,2017-12-22 18:06:56,25,118971,118995,25,9,6,1,9
2017-12-22 18:06:56,2017-12-22 18:08:57,122,118995,119116,122,63,29,14,16
2017-12-22 18:08:57,2017-12-22 18:11:03,127,119116,119242,127,53,22,22,30
2017-12-22 18:11:03,2017-12-22 18:14:02,124,119242,119365,124,39,26,20,39
2017-12-22 18:14:02,2017-12-22 18:14:24,23,119365,119387,23,2,5,7,9
2017-12-22 18:14:24,2017-12-22 18:15:16,53,119387,119439,53,27,10,5,11
2017-12-22 18:15:30,2017-12-22 18:16:17,48,119453,119500,48,3,13,14,18
2017-12-22 18:16:17,2017-12-22 18:17:04,48,119500,119547,48,22,11,2,13
2017-12-22 18:17:04,2017-12-22 18:17:54,51,119547,119597,51,6,20,9,16
2017-12-22 18:17:54,2017-12-22 18:18:14,21,119597,119617,21,11,6,0,4
2017-12-22 18:18:26,2017-12-22 18:19:01,36,119629,119664,36,9,13,1,13
2017-12-22 18:19:01,2017-12-22 18:19:44,44,119664,119707,44,7,15,7,15
2017-12-22 18:19:44,2017-12-22 18:20:56,73,119707,119779,73,15,26,12,20
2017-12-22 18:20:56,2017-12-22 18:24:52,237,119779,120015,237,11,94,54,78
2017-12-22 18:24:52,2017-12-22 18:27:07,51,120015,120065,51,30,8,5,8
2017-12-22 18:29:10,2017-12-22 18:31:43,154,120188,120341,154,8,54,48,44
2017-12-22 18:31:43,2017-12-22 18:34:22,160,120341,120500,160,13,66,30,51
2017-12-22 18:34:22,2017-12-22 18:35:14,53,120500,120552,53,20,14,7,12
2017-12-22 18:41:44,2017-12-22 18:44:40,177,120589,120765,177,44,59,27,47
2017-12-22 18:44:45,2017-12-22 18:46:04,80,120770,120849,80,11,40,10,19
2017-12-22 18:46:04,2017-12-22 18:46:28,25,120849,120873,25,18,4,0,3
2017-12-22 18:47:30,2017-12-22 18:47:54,25,120935,120959,25,4,13,2,6
2017-12-22 18:47:54,2017-12-22 18:51:32,219,120959,121177,219,13,75,67,64
2017-12-22 18:51:32,2017-12-22 18:53:53,142,121177,121318,142,83,23,17,19
2017-12-22 18:53:53,2017-12-22 19:00:41,409,121318,121726,409,77,152,56,124
2017-12-22 19:00:41,2017-12-22 19:02:25,105,121726,121830,105,24,34,22,25
2017-12-22 19:02:25,2017-12-22 19:03:16,52,121830,121881,52,14,19,2,17
2017-12-22 19:03:16,2017-12-22 19:05:14,119,121881,121999,119,26,29,27,37
2017-12-22 19:05:22,2017-12-22 19:06:09,48,122007,122054,48,22,11,4,11
2017-12-22 19:51:00,2017-12-22 19:55:03,37,122109,122145,37,7,11,5,14
2017-12-22 19:55:03,2017-12-22 19:55:38,36,122145,122180,36,27,5,0,4
2017-12-22 19:55:38,2017-12-22 19:56:48,71,122180,122250,71,7,28,8,28
2017-12-22 19:56:48,2017-12-22 19:57:49,62,122250,122311,62,9,30,10,13
2017-12-22 19:57:49,2017-12-22 19:59:46,118,122311,122428,118,28,40,20,30
2017-12-22 19:59:49,2017-12-22 20:01:10,82,122431,122512,82,42,21,4,15
2017-12-22 20:01:10,2017-12-22 20:01:39,30,122512,122541,30,18,3,1,8
2017-12-22 20:01:39,2017-12-22 20:02:20,42,122541,122582,42,13,11,8,10
2017-12-22 20:15:39,2017-12-22 20:22:00,207,122626,122832,207,3,87,43,74
2017-12-22 20:22:00,2017-12-22 20:24:02,123,122832,122954,123,10,55,25,33
2017-12-22 20:24:02,2017-12-22 20:37:31,570,122954,123523,570,48,204,177,141
2017-12-22 20:37:31,2017-12-22 20:39:11,101,123523,123623,101,34,32,6,29
2017-12-22 20:39:11,2017-12-22 20:44:07,178,123623,123800,178,40,41,57,40
2017-12-22 20:44:07,2017-12-22 20:45:22,76,123800,123875,76,2,28,19,27
2017-12-22 20:59:29,2017-12-22 21:02:22,70,123998,124067,70,3,25,8,34
2017-12-22 21:02:22,2017-12-22 21:03:25,64,124067,124130,64,9,28,10,17
2017-12-22 21:03:39,2017-12-22 21:04:48,70,124144,124213,70,7,32,7,24
2017-12-22 21:04:48,2017-12-22 21:08:51,244,124213,124456,244,71,80,48,45
2017-12-22 21:08:51,2017-12-22 21:12:52,28,124456,124483,28,8,6,5,9
2017-12-22 21:12:52,2017-12-22 21:13:38,47,124483,124529,47,30,7,2,8
2017-12-22 21:13:38,2017-12-22 21:15:27,62,124529,124590,62,16,29,3,14
2017-12-22 21:15:27,2017-12-22 21:17:35,129,124590,124718,129,8,47,38,36
2017-12-22 21:17:35,2017-12-22 21:20:56,140,124718,124857,140,14,63,30,33
2017-12-22 21:20:56,2017-12-22 21:23:49,174,124857,125030,174,4,71,44,55
2017-12-22 21:23:49,2017-12-22 21:24:44,56,125030,125085,56,43,5,2,6
2017-12-22 21:25:10,2017-12-22 21:26:25,76,125111,125186,76,3,37,11,25
2017-12-22 21:26:45,2017-12-22 21:28:50,126,125206,125331,126,29,47,27,23
2017-12-22 21:28:50,2017-12-22 21:32:13,89,125331,125419,89,25,30,8,26
2017-12-22 21:32:13,2017-12-22 21:36:43,271,125419,125689,271,9,107,73,82
2017-12-22 21:37:00,2017-12-22 21:41:55,294,125706,125999,294,36,129,49,80
2017-12-22 21:42:18,2017-12-22 21:45:47,154,126022,126175,154,7,85,19,43
2017-12-22 21:45:47,2017-12-22 21:49:29,101,126175,126275,101,7,54,14,26
2017-12-22 21:49:29,2017-12-22 21:51:27,119,126275,126393,119,51,36,11,21
2017-12-22 21:51:27,2017-12-22 21:52:58,91,126393,126483,91,34,25,7,25
2017-12-22 21:52:58,2017-12-22 21:58:34,335,126483,126817,335,22,141,80,92
2017-12-22 21:58:34,2017-12-22 22:00:49,134,126817,126950,134,81,25,4,24
2017-12-22 22:00:49,2017-12-22 22:01:28,40,126950,126989,40,12,10,6,12
2017-12-22 22:45:49,2017-12-22 22:46:10,22,127166,127187,22,3,2,14,3
2017-12-22 22:47:12,2017-12-22 22:49:03,112,127249,127360,112,11,44,18,39
2017-12-22 22:49:03,2017-12-22 22:51:01,74,127360,127433,74,16,25,14,19
2017-12-22 22:51:01,2017-12-22 22:51:50,50,127433,127482,50,14,20,5,11
2017-12-22 22:52:09,2017-12-22 22:52:49,40,127501,127540,40,9,9,8,14
2017-12-22 22:52:49,2017-12-22 22:54:02,74,127540,127613,74,38,18,8,10
2017-12-22 22:54:02,2017-12-22 22:55:00,59,127613,127671,59,4,29,11,15
2017-12-22 22:55:00,2017-12-22 22:56:59,120,127671,127790,120,71,26,5,18
2017-12-22 22:56:59,2017-12-22 22:59:15,137,127790,127926,137,8,54,23,52
2017-12-22 22:59:15,2017-12-22 23:04:31,36,127926,127961,36,3,8,7,18
2017-12-22 23:04:31,2017-12-22 23:06:29,119,127961,128079,119,78,16,11,14
2017-12-22 23:06:29,2017-12-22 23:12:00,38,128079,128116,38,3,2,11,22
2017-12-22 23:12:00,2017-12-22 23:13:31,92,128116,128207,92,33,24,15,20
2017-12-22 23:13:31,2017-12-22 23:14:40,70,128207,128276,70,10,27,13,20
2017-12-22 23:14:40,2017-12-22 23:16:34,115,128276,128390,115,88,8,9,10
2017-12-22 23:16:34,2017-12-22 23:19:56,203,128390,128592,203,69,68,17,49
2017-12-22 23:19:56,2017-12-22 23:22:28,153,128592,128744,153,77,37,11,28
2017-12-22 23:22:45,2017-12-22 23:23:21,37,128761,128797,37,4,12,6,15
2017-12-22 23:23:27,2017-12-22 23:24:47,81,128803,128883,81,52,12,4,13
2017-12-22 23:24:47,2017-12-22 23:27:27,161,128883,129043,161,28,56,34,43
2017-12-22 23:27:27,2017-12-22 23:30:08,119,129043,129161,119,4,64,14,37
2017-12-22 23:30:08,2017-12-22 23:32:54,167,129161,129327,167,32,58,43,34
2017-12-22 23:32:54,2017-12-22 23:35:13,40,129327,129366,40,9,17,7,7
2017-12-22 23:35:13,2017-12-22 23:35:50,38,129366,129403,38,1,19,9,9
2017-12-22 23:35:59,2017-12-22 23:39:03,73,129412,129484,73,3,28,25,17
2017-12-22 23:39:03,2017-12-22 23:40:29,87,129484,129570,87,28,20,22,17
2017-12-22 23:40:29,2017-12-22 23:41:29,61,129570,129630,61,40,11,2,8
2017-12-22 23:41:29,2017-12-22 23:46:12,284,129630,129913,284,26,117,57,84
2017-12-22 23:46:12,2017-12-22 23:55:17,292,129913,130204,292,4,94,129,65
2017-12-22 23:55:17,2017-12-22 23:56:59,103,130204,130306,103,22,50,13,18
2017-12-22 23:56:59,2017-12-23 00:00:06,89,130306,130394,89,15,46,19,9
2017-12-23 00:00:06,2017-12-23 00:01:35,89,130394,130482,89,8,16,26,39
2017-12-23 00:01:35,2017-12-23 00:05:58,264,130482,130745,264,11,73,113,67
2017-12-23 00:30:04,2017-12-23 00:30:47,44,130823,130866,44,2,11,15,16
2017-12-23 00:30:47,2017-12-23 00:32:43,117,130866,130982,117,66,21,9,21
2017-12-23 00:33:06,2017-12-23 00:33:33,28,131005,131032,28,8,9,4,7
2017-12-23 00:33:33,2017-12-23 00:37:15,136,131032,131167,136,41,48,17,30
2017-12-23 00:37:15,2017-12-23 00:40:10,176,131167,131342,176,48,58,35,35
2017-12-23 00:58:56,2017-12-23 00:59:18,23,132101,132123,23,15,2,1,5
2017-12-23 01:19:03,2017-12-23 01:20:05,63,132954,133016,63,7,27,7,22
2017-12-23 01:20:05,2017-12-23 01:22:54,170,133016,133185,170,126,16,9,19
2017-12-23 01:31:56,2017-12-23 01:33:18,83,133322,133404,83,13,33,16,21
2017-12-23 01:33:18,2017-12-23 01:38:20,256,133404,133659,256,85,62,61,48
2017-12-23 01:38:20,2017-12-23 01:39:13,54,133659,133712,54,23,16,6,9
2017-12-23 01:39:13,2017-12-23 01:39:37,25,133712,133736,25,5,5,4,11
2017-12-23 01:39:37,2017-12-23 01:41:58,47,133736,133782,47,7,23,3,14
2017-12-23 01:44:49,2017-12-23 01:45:11,23,133953,133975,23,4,10,1,8
2017-12-23 01:45:11,2017-12-23 01:50:39,273,133975,134247,273,18,95,92,68
2017-12-23 01:50:39,2017-12-23 01:56:26,63,134247,134309,63,23,17,6,17
2017-12-23 01:56:26,2017-12-23 02:04:24,198,134309,134506,198,24,64,46,64
2017-12-23 02:04:59,2017-12-23 02:05:25,27,134541,134567,27,20,1,4,2
2017-12-23 02:05:25,2017-12-23 02:07:13,109,134567,134675,109,2,55,21,31
2017-12-23 02:07:13,2017-12-23 02:10:31,199,134675,134873,199,58,67,27,47
2017-12-23 02:11:05,2017-12-23 02:11:35,31,134907,134937,31,3,12,7,9
2017-12-23 02:11:53,2017-12-23 02:13:38,106,134955,135060,106,50,29,15,12
2017-12-23 02:13:38,2017-12-23 02:16:14,157,135060,135216,157,26,66,38,27
2017-12-23 02:16:14,2017-12-23 02:21:48,335,135216,135550,335,14,126,104,91
2017-12-23 02:21:48,2017-12-23 02:23:03,76,135550,135625,76,5,40,12,19
2017-12-23 02:23:03,2017-12-23 02:23:44,42,135625,135666,42,11,19,3,9
2017-12-23 02:23:44,2017-12-23 02:25:45,122,135666,135787,122,13,51,22,36
2017-12-23 02:25:45,2017-12-23 02:28:39,108,135787,135894,108,30,50,18,10
2017-12-23 02:28:39,2017-12-23 02:32:14,166,135894,136059,166,27,61,41,37
2017-12-23 02:32:14,2017-12-23 02:34:27,134,136059,136192,134,19,59,25,31
2017-12-23 02:34:27,2017-12-23 02:36:28,122,136192,136313,122,25,51,18,28
2017-12-23 02:36:28,2017-12-23 02:37:04,37,136313,136349,37,27,2,4,4
2017-12-23 03:04:46,2017-12-23 03:05:27,42,136415,136456,42,11,18,5,8
2017-12-23 03:05:27,2017-12-23 03:06:22,56,136456,136511,56,23,20,5,8
2017-12-23 03:06:22,2017-12-23 03:08:03,102,136511,136612,102,9,44,28,21
2017-12-23 03:08:03,2017-12-23 03:09:38,96,136612,136707,96,36,31,11,18
2017-12-23 03:09:38,2017-12-23 03:13:21,224,136707,136930,224,9,93,50,72
2017-12-23 03:30:20,2017-12-23 03:30:40,21,137111,137131,21,2,3,13,3
2017-12-23 03:30:45,2017-12-23 03:32:21,97,137136,137232,97,27,30,13,27
2017-12-23 03:32:21,2017-12-23 03:35:29,189,137232,137420,189,52,56,39,42
2017-12-23 05:10:38,2017-12-23 05:12:46,129,137501,137629,129,44,33,13,39
2017-12-23 05:12:46,2017-12-23 05:13:08,23,137629,137651,23,13,2,1,7
2017-12-23 05:13:08,2017-12-23 05:13:35,28,137651,137678,28,4,14,4,6
2017-12-23 05:14:08,2017-12-23 05:19:44,182,137711,137892,182,99,35,13,35
2017-12-23 05:19:44,2017-12-23 05:21:53,130,137892,138021,130,46,48,13,23
2017-12-23 05:21:53,2017-12-23 05:26:01,210,138021,138230,210,8,84,59,59
2017-12-23 05:26:40,2017-12-23 05:27:51,72,138269,138340,72,4,37,13,18
2017-12-23 05:27:51,2017-12-23 05:31:02,192,138340,138531,192,3,76,56,57
2017-12-23 05:31:02,2017-12-23 05:34:40,168,138531,138698,168,21,60,54,33
2017-12-23 05:34:40,2017-12-23 05:44:23,361,138698,139058,361,78,110,66,107
2017-12-23 05:44:23,2017-12-23 05:45:05,43,139058,139100,43,14,10,6,13
2017-12-23 07:38:28,2017-12-23 07:39:08,41,139385,139425,41,5,15,8,13
2017-12-23 07:39:08,2017-12-23 07:41:08,121,139425,139545,121,24,38,21,38
2017-12-23 07:41:08,2017-12-23 07:47:11,230,139545,139774,230,15,114,55,46
2017-12-23 07:47:11,2017-12-23 07:54:50,372,139774,140145,372,6,141,130,95
2017-12-23 07:54:50,2017-12-23 07:58:26,217,140145,140361,217,14,105,32,66
2017-12-23 07:58:26,2017-12-23 08:01:14,169,140361,140529,169,105,32,12,20
2017-12-23 08:01:14,2017-12-23 08:02:59,106,140529,140634,106,29,39,11,27
2017-12-23 08:02:59,2017-12-23 08:07:28,200,140634,140833,200,4,90,45,61
2017-12-23 08:07:28,2017-12-23 08:09:57,150,140833,140982,150,31,65,11,43
2017-12-23 08:09:57,2017-12-23 08:11:05,69,140982,141050,69,17,28,4,20
2017-12-23 08:11:05,2017-12-23 08:12:58,114,141050,141163,114,64,22,13,15
2017-12-23 08:12:58,2017-12-23 08:24:05,613,141163,141775,613,8,241,189,175
2017-12-23 08:24:05,2017-12-23 08:25:37,93,141775,141867,93,16,27,16,34
2017-12-23 08:25:37,2017-12-23 08:26:06,30,141867,141896,30,3,13,3,11
2017-12-23 08:26:06,2017-12-23 08:28:55,134,141896,142029,134,97,13,7,17
2017-12-23 08:28:55,2017-12-23 08:32:05,191,142029,142219,191,52,69,21,49
2017-12-23 08:32:05,2017-12-23 08:33:51,107,142219,142325,107,56,23,9,19
2017-12-23 08:33:51,2017-12-23 08:34:46,56,142325,142380,56,35,10,3,8
2017-12-23 08:34:46,2017-12-23 08:38:20,215,142380,142594,215,131,38,23,23
2017-12-23 08:38:20,2017-12-23 08:41:25,186,142594,142779,186,113,25,23,25
2017-12-23 08:41:25,2017-12-23 08:41:49,25,142779,142803,25,15,4,2,4
2017-12-23 08:42:30,2017-12-23 08:43:49,80,142844,142923,80,16,26,15,23
2017-12-23 08:43:49,2017-12-23 08:46:05,98,142923,143020,98,38,26,12,22
2017-12-23 08:46:05,2017-12-23 08:48:03,119,143020,143138,119,65,30,8,16
2017-12-23 08:48:03,2017-12-23 08:50:15,133,143138,143270,133,69,26,16,22
2017-12-23 08:50:35,2017-12-23 08:52:31,79,143290,143368,79,2,32,17,28
2017-12-23 08:52:31,2017-12-23 08:52:54,24,143368,143391,24,19,2,0,3
2017-12-23 08:52:54,2017-12-23 09:00:53,338,143391,143728,338,10,131,97,100
2017-12-23 09:00:53,2017-12-23 09:08:20,357,143728,144084,357,178,65,49,65
2017-12-23 09:08:20,2017-12-23 09:09:42,83,144084,144166,83,66,8,0,9
2017-12-23 09:11:00,2017-12-23 09:13:39,159,144178,144336,159,62,31,27,39
2017-12-23 09:25:41,2017-12-23 09:42:10,885,144363,145247,885,3,292,356,234
2017-12-23 09:42:10,2017-12-23 09:50:09,355,145247,145601,355,33,59,170,93
2017-12-23 09:50:09,2017-12-23 09:50:41,33,145601,145633,33,14,7,6,6
2017-12-23 09:50:58,2017-12-23 10:09:19,959,145650,146608,959,9,287,426,237
2017-12-23 10:14:00,2017-12-23 10:17:33,161,146620,146780,161,67,43,21,30
2017-12-23 10:17:33,2017-12-23 10:21:15,163,146780,146942,163,3,54,60,46
2017-12-23 10:21:15,2017-12-23 10:23:34,140,146942,147081,140,14,54,29,43
2017-12-23 10:23:34,2017-12-23 10:25:22,109,147081,147189,109,61,19,10,19
2017-12-23 10:25:22,2017-12-23 10:29:36,199,147189,147387,199,18,70,61,50
2017-12-23 10:29:36,2017-12-23 10:31:23,108,147387,147494,108,34,36,21,17
2017-12-23 12:03:11,2017-12-23 12:07:42,174,148325,148498,174,15,55,63,41
2017-12-23 14:36:36,2017-12-23 14:38:20,61,148800,148860,61,14,28,9,10
2017-12-23 14:41:43,2017-12-23 14:47:22,193,148926,149118,193,35,67,51,40
2017-12-23 14:47:22,2017-12-23 14:52:57,336,149118,149453,336,34,126,71,105
2017-12-23 14:52:57,2017-12-23 14:56:42,226,149453,149678,226,30,88,50,58
2017-12-23 14:56:42,2017-12-23 14:58:05,84,149678,149761,84,13,36,15,20
2017-12-23 14:58:05,2017-12-23 15:01:43,219,149761,149979,219,5,78,81,55
2017-12-23 15:01:43,2017-12-23 15:02:41,59,149979,150037,59,38,11,4,6
2017-12-23 15:02:41,2017-12-23 15:03:17,37,150037,150073,37,9,15,7,6
2017-12-23 15:19:39,2017-12-23 15:21:20,102,150450,150551,102,2,46,31,23
2017-12-23 15:21:20,2017-12-23 15:27:03,344,150551,150894,344,4,119,127,94
2017-12-23 15:27:03,2017-12-23 15:31:59,125,150894,151018,125,10,41,45,29
2017-12-23 15:31:59,2017-12-23 15:37:39,137,151018,151154,137,2,61,28,46
2017-12-23 15:37:39,2017-12-23 15:41:23,93,151154,151246,93,8,39,14,32
2017-12-23 15:41:23,2017-12-23 15:42:40,78,151246,151323,78,20,34,13,11
2017-12-23 15:42:40,2017-12-23 15:44:04,30,151323,151352,30,7,9,0,14
2017-12-23 15:44:04,2017-12-23 15:44:27,24,151352,151375,24,17,3,2,2
2017-12-23 15:44:27,2017-12-23 15:53:43,510,151375,151884,510,23,181,145,161
2017-12-23 15:54:00,2017-12-23 15:55:51,112,151901,152012,112,41,27,18,26
2017-12-23 15:56:44,2017-12-23 15:59:31,168,152065,152232,168,45,60,25,38
2017-12-23 15:59:31,2017-12-23 16:06:27,308,152232,152539,308,45,121,59,83
2017-12-23 16:06:27,2017-12-23 16:08:33,127,152539,152665,127,60,35,7,25
2017-12-23 16:09:11,2017-12-23 16:10:03,53,152703,152755,53,2,27,8,16
2017-12-23 16:10:03,2017-12-23 16:14:22,227,152755,152981,227,5,101,62,59
2017-12-23 16:14:22,2017-12-23 16:17:50,110,152981,153090,110,12,60,12,26
2017-12-23 16:17:50,2017-12-23 16:20:20,95,153090,153184,95,43,13,16,23
2017-12-23 16:30:41,2017-12-23 16:31:01,21,153213,153233,21,5,7,2,7
2017-12-23 16:31:01,2017-12-23 16:32:03,63,153233,153295,63,16,18,13,16
2017-12-23 16:32:06,2017-12-23 16:32:43,38,153298,153335,38,20,11,2,5
2017-12-23 16:32:43,2017-12-23 16:34:23,101,153335,153435,101,3,49,16,33
2017-12-23 16:34:23,2017-12-23 16:36:12,110,153435,153544,110,3,45,23,39
2017-12-23 16:36:12,2017-12-23 16:38:06,115,153544,153658,115,13,47,28,27
2017-12-23 16:38:06,2017-12-23 16:41:31,143,153658,153800,143,10,65,43,25
2017-12-23 16:41:45,2017-12-23 16:47:11,272,153814,154085,272,47,77,91,57
2017-12-23 16:47:11,2017-12-23 16:49:00,110,154085,154194,110,2,46,25,37
2017-12-23 16:49:00,2017-12-23 16:49:54,55,154194,154248,55,13,17,8,17
2017-12-23 17:02:45,2017-12-23 17:08:05,239,154313,154551,239,9,95,83,52
2017-12-23 17:08:05,2017-12-23 17:10:21,97,154551,154647,97,10,44,19,24
2017-12-23 17:12:09,2017-12-23 17:18:03,355,154679,155033,355,1,147,118,89
2017-12-23 17:18:03,2017-12-23 17:18:47,45,155033,155077,45,13,13,8,11
2017-12-23 18:26:04,2017-12-23 18:27:27,84,155336,155419,84,38,17,12,17
2017-12-23 18:27:27,2017-12-23 18:33:02,250,155419,155668,250,19,112,82,37
2017-12-23 18:33:02,2017-12-23 18:33:31,30,155668,155697,30,7,11,3,9
2017-12-23 18:33:31,2017-12-23 18:36:36,127,155697,155823,127,49,40,10,28
2017-12-23 21:54:14,2017-12-23 21:56:00,107,156335,156441,107,3,51,23,30
2017-12-23 21:56:00,2017-12-23 21:56:57,58,156441,156498,58,5,24,10,19
2017-12-23 21:56:57,2017-12-23 22:02:16,215,156498,156712,215,2,106,44,63
2017-12-23 22:21:00,2017-12-23 22:45:33,1240,157526,158765,1240,23,369,511,337
2017-12-23 22:45:33,2017-12-23 22:48:19,167,158765,158931,167,30,63,33,41
2017-12-23 22:48:19,2017-12-23 22:50:14,78,158931,159008,78,21,24,21,12
2017-12-23 22:50:14,2017-12-23 22:53:51,218,159008,159225,218,30,62,65,61
2017-12-23 22:53:51,2017-12-23 22:55:26,96,159225,159320,96,2,32,28,34
2017-12-23 22:55:26,2017-12-23 23:06:04,525,159320,159844,525,5,220,171,129
2017-12-23 23:09:11,2017-12-23 23:11:08,118,159857,159974,118,16,40,20,42
2017-12-23 23:11:08,2017-12-23 23:13:54,167,159974,160140,167,95,36,12,24
2017-12-23 23:13:54,2017-12-23 23:15:47,114,160140,160253,114,46,29,9,30
2017-12-23 23:15:47,2017-12-23 23:20:17,235,160253,160487,235,14,75,77,69
2017-12-23 23:20:17,2017-12-23 23:23:41,205,160487,160691,205,97,49,22,37
2017-12-23 23:23:41,2017-12-23 23:26:02,142,160691,160832,142,24,50,34,34
2017-12-23 23:26:12,2017-12-23 23:27:24,73,160842,160914,73,43,17,3,10
2017-12-23 23:27:24,2017-12-23 23:28:46,83,160914,160996,83,6,34,16,27
2017-12-23 23:28:46,2017-12-23 23:33:12,267,160996,161262,267,3,129,41,94
2017-12-23 23:33:12,2017-12-23 23:38:15,304,161262,161565,304,44,117,38,105
2017-12-23 23:38:15,2017-12-23 23:39:37,83,161565,161647,83,37,25,4,17
2017-12-23 23:39:37,2017-12-23 23:42:04,148,161647,161794,148,41,47,22,38
2017-12-23 23:42:04,2017-12-23 23:52:14,483,161794,162276,483,66,174,98,145
2017-12-23 23:52:14,2017-12-23 23:54:26,133,162276,162408,133,12,54,20,47
2017-12-23 23:54:52,2017-12-23 23:56:18,87,162434,162520,87,3,37,25,22
2017-12-23 23:56:18,2017-12-23 23:56:41,24,162520,162543,24,13,3,6,2
2017-12-23 23:56:41,2017-12-24 00:00:14,199,162543,162741,199,8,83,44,64
2017-12-24 00:00:14,2017-12-24 00:02:04,111,162741,162851,111,36,27,22,26
2017-12-24 00:02:04,2017-12-24 00:07:16,86,162851,162936,86,8,28,20,30
2017-12-24 00:07:16,2017-12-24 00:07:56,41,162936,162976,41,13,13,5,10
2017-12-24 00:07:56,2017-12-24 00:14:27,392,162976,163367,392,69,126,111,86
2017-12-24 00:14:27,2017-12-24 00:15:52,43,163367,163409,43,32,9,1,1
2017-12-24 00:15:52,2017-12-24 00:16:40,49,163409,163457,49,15,19,4,11
2017-12-24 00:16:40,2017-12-24 00:18:09,90,163457,163546,90,23,32,14,21
2017-12-24 00:19:01,2017-12-24 00:20:06,66,163598,163663,66,29,20,5,12
2017-12-24 00:20:06,2017-12-24 00:26:37,103,163663,163765,103,16,34,22,31
2017-12-24 00:26:37,2017-12-24 00:28:38,122,163765,163886,122,63,29,2,28
2017-12-24 00:28:38,2017-12-24 00:29:29,52,163886,163937,52,3,31,4,14
2017-12-24 00:29:29,2017-12-24 00:34:45,48,163937,163984,48,27,10,6,5
2017-12-24 00:34:45,2017-12-24 00:37:13,149,163984,164132,149,49,50,18,32
2017-12-24 00:37:13,2017-12-24 00:38:04,52,164132,164183,52,11,20,6,15
2017-12-24 00:38:04,2017-12-24 00:40:43,160,164183,164342,160,85,32,18,25
2017-12-24 00:40:43,2017-12-24 00:42:20,98,164342,164439,98,40,26,19,13
2017-12-24 00:42:44,2017-12-24 00:46:03,200,164463,164662,200,3,97,30,70
2017-12-24 00:46:03,2017-12-24 00:47:10,68,164662,164729,68,35,18,7,8
2017-12-24 00:47:10,2017-12-24 00:48:33,84,164729,164812,84,27,37,5,15
2017-12-24 00:48:33,2017-12-24 00:51:06,154,164812,164965,154,95,34,8,17
2017-12-24 00:51:06,2017-12-24 00:52:57,112,164965,165076,112,15,37,26,34
2017-12-24 00:52:57,2017-12-24 00:55:27,151,165076,165226,151,76,35,18,22
2017-12-24 00:55:27,2017-12-24 01:00:43,137,165226,165362,137,6,65,31,35
2017-12-24 01:01:01,2017-12-24 01:03:14,28,165380,165407,28,16,6,1,5
2017-12-24 01:35:03,2017-12-24 01:37:11,73,165555,165627,73,35,24,8,6
2017-12-24 01:37:11,2017-12-24 01:39:23,133,165627,165759,133,17,62,17,37
2017-12-24 01:39:23,2017-12-24 01:49:51,515,165759,166273,515,122,121,187,85
2017-12-24 01:49:51,2017-12-24 01:54:10,152,166273,166424,152,12,68,35,37
2017-12-24 01:54:10,2017-12-24 01:57:33,93,166424,166516,93,4,29,29,31
2017-12-24 01:57:33,2017-12-24 01:58:33,61,166516,166576,61,31,11,7,12
2017-12-24 01:58:47,2017-12-24 02:01:15,56,166590,166645,56,32,20,3,1
2017-12-24 02:01:15,2017-12-24 02:03:41,147,166645,166791,147,11,67,34,35
2017-12-24 02:03:41,2017-12-24 02:05:52,94,166791,166884,94,11,41,16,26
2017-12-24 02:05:52,2017-12-24 02:08:54,183,166884,167066,183,18,69,42,54
2017-12-24 02:10:01,2017-12-24 02:15:34,88,167133,167220,88,6,33,13,36
2017-12-24 02:15:34,2017-12-24 02:17:18,105,167220,167324,105,56,30,8,11
2017-12-24 02:17:18,2017-12-24 02:24:05,408,167324,167731,408,13,167,87,141
2017-12-24 02:24:05,2017-12-24 02:25:04,60,167731,167790,60,19,17,7,17
2017-12-24 02:25:04,2017-12-24 02:27:29,48,167790,167837,48,2,20,10,16
2017-12-24 02:27:29,2017-12-24 02:29:13,105,167837,167941,105,12,40,23,30
2017-12-24 02:29:13,2017-12-24 02:30:47,95,167941,168035,95,28,33,15,19
2017-12-24 02:30:47,2017-12-24 02:34:26,168,168035,168202,168,96,31,15,26
2017-12-24 02:34:26,2017-12-24 02:35:56,91,168202,168292,91,29,30,13,19
2017-12-24 02:35:56,2017-12-24 02:38:36,161,168292,168452,161,97,26,16,22
2017-12-24 02:38:36,2017-12-24 02:41:14,121,168452,168572,121,38,37,18,28
2017-12-24 02:41:14,2017-12-24 02:42:02,49,168572,168620,49,26,10,6,7
2017-12-24 02:42:02,2017-12-24 02:43:45,40,168620,168659,40,2,15,9,14
2017-12-24 02:43:45,2017-12-24 02:44:50,66,168659,168724,66,19,24,6,17
2017-12-24 02:44:50,2017-12-24 02:47:56,187,168724,168910,187,28,74,32,53
2017-12-24 02:47:56,2017-12-24 02:49:19,84,168910,168993,84,31,28,9,16
2017-12-24 02:49:19,2017-12-24 02:50:28,70,168993,169062,70,33,16,10,11
2017-12-24 02:50:28,2017-12-24 02:51:10,43,169062,169104,43,16,7,10,10
2017-12-24 02:53:39,2017-12-24 03:02:34,444,169118,169561,444,2,196,101,145
2017-12-24 03:02:34,2017-12-24 03:04:03,65,169561,169625,65,5,31,11,18
2017-12-24 03:04:45,2017-12-24 03:05:13,29,169667,169695,29,8,11,2,8
2017-12-24 08:23:52,2017-12-24 08:26:47,175,169715,169889,175,50,64,15,46
2017-12-24 08:26:47,2017-12-24 08:29:46,180,169889,170068,180,2,71,49,58
2017-12-24 08:29:46,2017-12-24 08:32:31,166,170068,170233,166,69,39,28,30
2017-12-24 08:35:31,2017-12-24 08:37:58,148,170270,170417,148,78,33,11,26
2017-12-24 08:38:24,2017-12-24 08:42:18,105,170442,170546,105,16,37,13,39
2017-12-24 08:42:22,2017-12-24 08:44:33,132,170550,170681,132,4,53,30,45
2017-12-24 08:44:33,2017-12-24 08:47:23,171,170681,170851,171,42,48,28,53
2017-12-24 08:47:41,2017-12-24 08:48:05,25,170869,170893,25,9,9,4,3
2017-12-24 08:48:05,2017-12-24 08:49:14,70,170893,170962,70,54,9,1,6
2017-12-24 08:49:14,2017-12-24 08:52:07,174,170962,171135,174,56,59,27,32
2017-12-24 08:52:07,2017-12-24 08:53:32,86,171135,171220,86,20,26,14,26
2017-12-24 08:53:32,2017-12-24 08:55:32,121,171220,171340,121,40,34,17,30
2017-12-24 08:55:32,2017-12-24 09:17:43,1077,171340,172416,1077,2,345,439,291
2017-12-24 09:18:44,2017-12-24 09:37:58,869,172477,173345,869,9,249,418,193
2017-12-24 09:38:21,2017-12-24 09:42:15,180,173368,173547,180,5,78,39,58
2017-12-24 09:42:15,2017-12-24 09:50:03,357,173547,173903,357,27,150,68,112
2017-12-24 09:50:03,2017-12-24 09:51:43,24,173903,173926,24,4,11,1,8
2017-12-24 09:52:09,2017-12-24 09:55:35,93,173952,174044,93,2,41,25,25
2017-12-24 09:57:15,2017-12-24 10:03:05,256,174144,174399,256,17,120,55,64
2017-12-24 10:03:05,2017-12-24 10:05:49,165,174399,174563,165,21,82,24,38
2017-12-24 10:05:49,2017-12-24 10:06:49,61,174563,174623,61,16,24,6,15
2017-12-24 10:06:49,2017-12-24 10:07:51,63,174623,174685,63,4,36,9,14
2017-12-24 10:07:51,2017-12-24 10:12:01,251,174685,174935,251,23,97,47,84
2017-12-24 10:12:01,2017-12-24 10:15:35,215,174935,175149,215,84,52,35,44
2017-12-24 10:15:35,2017-12-24 10:16:28,54,175149,175202,54,43,4,3,4
2017-12-24 10:16:35,2017-12-24 10:18:57,143,175209,175351,143,3,56,37,47
2017-12-24 10:40:08,2017-12-24 10:43:32,205,175498,175702,205,11,80,70,44
2017-12-24 10:43:32,2017-12-24 10:46:06,155,175702,175856,155,37,54,22,42
2017-12-24 11:00:42,2017-12-24 11:06:43,300,176055,176354,300,19,115,65,101
2017-12-24 12:29:41,2017-12-24 12:34:26,286,176642,176927,286,8,78,101,99
2017-12-24 13:15:16,2017-12-24 13:23:22,487,176984,177470,487,14,143,224,106
